,team_year,total_tackles_def,sacks_def,safties_def,passes_defended_def,ints_def,fumbles_lost_fum,td_passes_pass,ints_pass,sacks_pass,receiving_tds_rec,rushing_tds_rush,year,team,fg_success_rate,extra_success_rate,pass_success_rate,avg_yards_pass,avg_yards_rush,kicks_blocked,passes_per_rushing_plays,Champion
0,arizona_cardinals_2001,670,5,0,29,13,7.0,0.0,0.0,0.0,8,5,2001,arizona_cardinals,0.8333333333333334,1.0,0.0,10.71523178807947,3.546938775510204,0.0,0.004081632653061225,0.0
1,arizona_cardinals_2002,547,12,0,24,7,1.0,0.0,2.0,5.0,11,0,2002,arizona_cardinals,0.0,0.0,0.3888888888888889,11.470588235294118,4.256410256410256,0.0,0.46153846153846156,0.0
2,arizona_cardinals_2003,548,15,0,35,8,7.0,5.0,7.0,25.0,11,1,2003,arizona_cardinals,0.75,1.0,0.5688622754491018,12.957831325301205,4.943396226415095,0.0,3.150943396226415,0.0
3,arizona_cardinals_2004,511,16,0,43,7,7.0,13.0,18.0,39.0,11,3,2004,arizona_cardinals,0.7586206896551724,1.0,0.5601503759398496,11.36923076923077,3.5850340136054424,0.0,3.619047619047619,0.0
4,arizona_cardinals_2005,483,19,0,27,9,11.0,21.0,21.0,45.0,19,2,2005,arizona_cardinals,0.9555555555555556,1.0,0.6253731343283582,12.421052631578947,3.541436464088398,0.0,3.701657458563536,0.0
5,arizona_cardinals_2006,366,20,0,18,4,11.0,17.0,17.0,35.0,16,8,2006,arizona_cardinals,0.7567567567567568,1.0,0.5908256880733945,12.923371647509578,3.2061068702290076,0.0,1.38676844783715,0.0
6,arizona_cardinals_2007,455,16,0,20,4,10.0,32.0,24.0,24.0,26,8,2007,arizona_cardinals,0.7,0.9791666666666666,0.6033898305084746,12.163879598662207,3.599476439790576,2.0,1.544502617801047,0.0
7,arizona_cardinals_2008,527,17,0,32,7,15.0,31.0,15.0,28.0,28,14,2008,arizona_cardinals,0.8928571428571429,1.0,0.6634920634920635,11.679611650485437,3.4615384615384617,1.0,1.863905325443787,0.0
8,arizona_cardinals_2009,551,24,0,46,10,16.0,26.0,17.0,26.0,20,16,2009,arizona_cardinals,0.9411764705882353,0.9736842105263158,0.6610169491525424,10.511945392491468,3.997159090909091,1.0,1.6761363636363635,0.0
9,arizona_cardinals_2010,794,19,0,68,15,14.0,8.0,17.0,41.0,8,8,2010,arizona_cardinals,0.8888888888888888,1.0,0.5173210161662818,11.401162790697674,4.195652173913044,0.0,1.568840579710145,0.0
10,arizona_cardinals_2011,801,33,0,71,9,7.0,10.0,9.0,31.0,13,11,2011,arizona_cardinals,0.7916666666666666,1.0,0.5672727272727273,12.861244019138756,4.263888888888889,0.0,0.9548611111111112,0.0
11,arizona_cardinals_2012,732,25,0,66,21,9.0,9.0,12.0,43.0,11,6,2012,arizona_cardinals,0.8928571428571429,1.0,0.5601965601965602,10.87007874015748,3.8389830508474576,1.0,3.4491525423728815,0.0
12,arizona_cardinals_2013,754,25,2,98,20,5.0,24.0,22.0,41.0,24,3,2013,arizona_cardinals,0.8333333333333334,1.0,0.632404181184669,12.194610778443113,4.2727272727272725,1.0,3.06951871657754,0.0
13,arizona_cardinals_2014,838,34,0,52,15,5.0,21.0,12.0,28.0,21,4,2014,arizona_cardinals,0.8787878787878788,1.0,0.564373897707231,12.584158415841584,3.3565459610027855,0.0,1.5793871866295264,0.0
14,arizona_cardinals_2015,867,33,2,68,19,11.0,35.0,13.0,27.0,35,16,2015,arizona_cardinals,0.9032258064516129,0.9137931034482759,0.6281138790035588,13.536931818181818,4.241150442477876,0.0,1.2433628318584071,0.0
15,arizona_cardinals_2016,944,23,2,68,14,10.0,28.0,17.0,41.0,28,20,2016,arizona_cardinals,0.75,0.9148936170212766,0.5928792569659442,11.553524804177545,4.351758793969849,2.0,1.6231155778894473,0.0
16,atlanta_falcons_2001,364,6,0,17,8,9.0,19.0,17.0,64.0,13,4,2001,atlanta_falcons,0.7837837837837838,1.0,0.5714285714285714,13.074418604651163,4.955,1.0,2.415,0.0
17,atlanta_falcons_2002,422,16,0,25,14,10.0,18.0,11.0,36.0,10,12,2002,atlanta_falcons,0.8,0.9767441860465116,0.5606694560669456,14.058064516129033,5.730061349693251,3.0,2.932515337423313,0.0
18,atlanta_falcons_2003,506,26,0,26,10,4.0,14.0,21.0,34.0,4,3,2003,atlanta_falcons,0.7037037037037037,0.9696969696969697,0.5021834061135371,14.147058823529411,4.577464788732394,2.0,6.450704225352113,0.0
19,atlanta_falcons_2004,556,10,0,48,11,8.0,14.0,12.0,46.0,2,3,2004,atlanta_falcons,0.782608695652174,1.0,0.5638629283489096,11.90625,7.508196721311475,0.0,2.6311475409836067,0.0
20,atlanta_falcons_2005,539,13,1,28,10,8.0,15.0,13.0,33.0,5,6,2005,atlanta_falcons,0.8888888888888888,1.0,0.5529715762273901,12.761363636363637,5.852941176470588,1.0,3.7941176470588234,0.0
21,atlanta_falcons_2006,416,20,0,30,8,3.0,20.0,13.0,45.0,8,4,2006,atlanta_falcons,0.71875,1.0,0.5244215938303342,11.962962962962964,7.431111111111111,4.0,1.728888888888889,0.0
22,atlanta_falcons_2007,387,8,0,30,6,4.0,18.0,15.0,47.0,5,1,2007,atlanta_falcons,0.7647058823529411,1.0,0.6054054054054054,9.943181818181818,5.218978102189781,1.0,4.0510948905109485,0.0
23,atlanta_falcons_2008,337,13,0,33,3,7.0,16.0,11.0,17.0,9,6,2008,atlanta_falcons,0.9354838709677419,1.0,0.6105990783410138,12.126666666666667,4.08641975308642,0.0,2.6790123456790123,0.0
24,atlanta_falcons_2009,591,21,0,43,12,5.0,26.0,17.0,27.0,12,1,2009,atlanta_falcons,0.6551724137931034,0.9767441860465116,0.5824561403508772,10.850828729281767,2.9833333333333334,2.0,4.75,0.0
25,atlanta_falcons_2010,600,13,0,50,14,4.0,28.0,9.0,23.0,14,0,2010,atlanta_falcons,0.9032258064516129,1.0,0.6256499133448874,10.293785310734464,2.532258064516129,1.0,9.306451612903226,0.0
26,atlanta_falcons_2011,616,23,0,54,9,6.0,29.0,13.0,26.0,18,3,2011,atlanta_falcons,0.9310344827586207,1.0,0.6144781144781145,12.449074074074074,3.2264150943396226,0.0,5.60377358490566,0.0
27,atlanta_falcons_2012,656,13,0,67,15,2.0,32.0,14.0,28.0,22,2,2012,atlanta_falcons,0.868421052631579,1.0,0.6861788617886179,10.927007299270073,3.869565217391304,0.0,4.456521739130435,0.0
28,atlanta_falcons_2013,751,21,0,48,7,10.0,26.0,17.0,44.0,20,10,2013,atlanta_falcons,0.8888888888888888,1.0,0.6752655538694993,10.232954545454545,3.9097472924187726,0.0,2.3790613718411553,0.0
29,atlanta_falcons_2014,709,14,0,56,15,7.0,28.0,15.0,31.0,20,11,2014,atlanta_falcons,0.90625,1.0,0.6613924050632911,11.411940298507462,4.026881720430108,1.0,1.6989247311827957,0.0
30,atlanta_falcons_2015,789,14,0,57,13,11.0,21.0,16.0,30.0,16,13,2015,atlanta_falcons,0.7777777777777778,1.0,0.6628664495114006,10.979289940828401,3.8424821002386635,0.0,1.4653937947494033,0.0
31,atlanta_falcons_2016,985,19,0,89,12,4.0,38.0,7.0,37.0,38,20,2016,atlanta_falcons,0.918918918918919,0.9824561403508771,0.6985018726591761,13.262032085561497,4.622596153846154,1.0,1.2836538461538463,0.0
32,baltimore_ravens_2001,608,15,0,46,6,6.0,0.0,0.0,0.0,14,3,2001,baltimore_ravens,0.0,0.0,1.0,11.90625,3.9783783783783786,0.0,0.005405405405405406,1.0
33,baltimore_ravens_2002,728,16,0,58,15,12.0,7.0,3.0,11.0,10,8,2002,baltimore_ravens,0.0,0.0,0.5300546448087432,11.366197183098592,4.26525198938992,1.0,0.4854111405835544,0.0
34,baltimore_ravens_2003,712,17,0,61,23,10.0,0.0,2.0,6.0,3,16,2003,baltimore_ravens,0.5,0.0,0.5384615384615384,11.128440366972477,5.159751037344399,0.0,0.026970954356846474,0.0
35,baltimore_ravens_2004,815,20,0,52,18,5.0,0.0,0.0,0.0,2,10,2004,baltimore_ravens,0.0,0.0,0.0,9.348484848484848,4.294403892944039,0.0,0.0,0.0
36,baltimore_ravens_2005,686,27,0,37,9,10.0,0.0,0.0,0.0,5,3,2005,baltimore_ravens,0.0,0.0,0.0,9.822485207100591,3.5902061855670104,0.0,0.0,0.0
37,baltimore_ravens_2006,707,31,2,66,23,3.0,0.0,0.0,0.0,2,10,2006,baltimore_ravens,0.0,0.0,0.0,9.673684210526316,3.7033898305084745,0.0,0.0,0.0
38,baltimore_ravens_2007,782,24,0,78,16,6.0,0.0,0.0,0.0,8,0,2007,baltimore_ravens,0.0,0.0,0.0,11.5546875,3.8125,0.0,0.0,0.0
39,baltimore_ravens_2008,751,23,0,93,23,4.0,14.0,12.0,32.0,6,2,2008,baltimore_ravens,0.5,0.0,0.6004672897196262,11.729508196721312,3.9885714285714284,0.0,2.4457142857142857,0.0
40,baltimore_ravens_2009,855,20,0,79,21,7.0,21.0,12.0,36.0,10,7,2009,baltimore_ravens,0.6923076923076923,0.9642857142857143,0.63,11.63978494623656,4.716666666666667,1.0,1.6666666666666667,0.0
41,baltimore_ravens_2010,812,15,0,67,16,6.0,25.0,10.0,40.0,16,6,2010,baltimore_ravens,0.0,0.0,0.6272912423625254,11.74,3.731638418079096,0.0,1.387005649717514,0.0
42,baltimore_ravens_2011,649,29,0,73,13,10.0,21.0,12.0,33.0,21,13,2011,baltimore_ravens,0.0,0.0,0.5772058823529411,11.784511784511784,4.421652421652421,0.0,1.5498575498575498,0.0
43,baltimore_ravens_2012,770,30,0,59,8,5.0,22.0,11.0,38.0,20,17,2012,baltimore_ravens,0.9090909090909091,1.0,0.5964285714285714,11.673400673400673,4.280542986425339,0.0,1.2669683257918551,0.0
44,baltimore_ravens_2013,936,27,0,97,15,4.0,19.0,23.0,48.0,14,7,2013,baltimore_ravens,0.926829268292683,1.0,0.5864297253634895,10.250950570342205,3.1543942992874108,0.0,1.4703087885985748,1.0
45,baltimore_ravens_2014,934,19,1,70,9,5.0,27.0,12.0,19.0,27,16,2014,baltimore_ravens,0.8529411764705882,1.0,0.6209386281588448,11.507462686567164,4.501123595505618,1.0,1.2449438202247192,0.0
46,baltimore_ravens_2015,863,34,0,58,5,7.0,16.0,14.0,18.0,20,8,2015,baltimore_ravens,0.825,1.0,0.6360078277886497,10.08108108108108,3.908108108108108,0.0,1.3810810810810812,0.0
47,baltimore_ravens_2016,818,31,0,66,15,7.0,20.0,16.0,33.0,20,10,2016,baltimore_ravens,0.9743589743589743,1.0,0.646539027982327,9.892938496583144,3.9863760217983653,1.0,1.8501362397820162,0.0
48,buffalo_bills_2001,490,23,0,22,4,7.0,17.0,18.0,45.0,6,3,2001,buffalo_bills,0.5714285714285714,0.9411764705882353,0.5965583173996176,9.684931506849315,5.2926829268292686,2.0,6.378048780487805,0.0
49,buffalo_bills_2002,469,24,0,18,2,1.0,0.0,0.0,0.0,2,2,2002,buffalo_bills,0.0,0.0,1.0,11.182608695652174,5.090909090909091,0.0,0.18181818181818182,0.0
50,buffalo_bills_2003,382,11,0,16,2,2.0,0.0,3.0,1.0,7,0,2003,buffalo_bills,0.7083333333333334,1.0,0.4166666666666667,11.018181818181818,5.444444444444445,0.0,1.3333333333333333,0.0
51,buffalo_bills_2004,519,29,0,15,5,1.0,1.0,0.0,0.0,16,0,2004,buffalo_bills,0.8571428571428571,1.0,0.6666666666666666,13.817391304347826,9.0,0.0,0.3333333333333333,0.0
52,buffalo_bills_2005,611,17,1,25,8,1.0,0.0,0.0,0.0,10,0,2005,buffalo_bills,0.8285714285714286,1.0,1.0,12.80327868852459,4.714285714285714,0.0,0.14285714285714285,0.0
53,buffalo_bills_2006,720,16,0,30,6,3.0,0.0,0.0,0.0,13,2,2006,buffalo_bills,0.92,1.0,0.0,13.011695906432749,3.6194690265486726,0.0,0.008849557522123894,0.0
54,buffalo_bills_2007,715,19,1,32,8,1.0,8.0,8.0,12.0,9,8,2007,buffalo_bills,0.8888888888888888,1.0,0.562962962962963,11.00438596491228,4.0050632911392405,0.0,0.6835443037974683,0.0
55,buffalo_bills_2008,622,14,0,35,3,9.0,11.0,10.0,23.0,13,14,2008,buffalo_bills,0.7894736842105263,1.0,0.6550802139037433,10.773722627737227,4.149882903981265,1.0,0.8758782201405152,0.0
56,buffalo_bills_2009,854,17,0,54,21,11.0,16.0,17.0,44.0,17,6,2009,buffalo_bills,0.8484848484848485,1.0,0.5790754257907542,11.08641975308642,4.413461538461538,0.0,0.9879807692307693,0.0
57,buffalo_bills_2010,978,20,0,61,9,16.0,24.0,17.0,31.0,23,5,2010,buffalo_bills,0.7619047619047619,0.96875,0.5760649087221096,11.380952380952381,4.373401534526854,1.0,1.2608695652173914,0.0
58,buffalo_bills_2011,817,21,1,52,14,5.0,24.0,24.0,22.0,21,11,2011,buffalo_bills,0.7666666666666667,1.0,0.6169844020797227,10.693103448275862,5.008403361344538,1.0,1.6162464985994398,0.0
59,buffalo_bills_2012,793,20,1,63,11,16.0,24.0,16.0,30.0,17,11,2012,buffalo_bills,0.875,1.0,0.6058823529411764,11.27927927927928,4.921241050119332,0.0,1.2171837708830548,0.0
60,buffalo_bills_2013,1022,21,0,84,21,11.0,15.0,12.0,46.0,13,14,2013,buffalo_bills,0.9166666666666666,1.0,0.5896328293736501,10.936567164179104,4.231939163498099,0.0,0.8802281368821293,0.0
61,buffalo_bills_2014,1008,16,0,70,19,9.0,23.0,13.0,39.0,22,6,2014,buffalo_bills,0.8947368421052632,0.96875,0.6269430051813472,10.565868263473053,3.7194444444444446,1.0,1.6083333333333334,0.0
62,buffalo_bills_2015,866,20,0,83,16,8.0,23.0,9.0,42.0,21,12,2015,buffalo_bills,0.8518518518518519,0.85,0.6344086021505376,12.451263537906136,4.652605459057072,0.0,1.1538461538461537,0.0
63,buffalo_bills_2016,1068,26,0,74,12,5.0,17.0,7.0,46.0,16,29,2016,buffalo_bills,0.76,0.8888888888888888,0.6033755274261603,11.199288256227758,5.345528455284553,1.0,0.9634146341463414,0.0
64,carolina_panthers_2001,390,4,0,18,9,6.0,11.0,19.0,26.0,7,6,2001,carolina_panthers,0.8214285714285714,0.9565217391304348,0.5425925925925926,9.566666666666666,3.4074074074074074,0.0,5.0,0.0
65,carolina_panthers_2002,370,19,0,23,2,10.0,15.0,21.0,44.0,7,0,2002,carolina_panthers,0.4,1.0,0.550755939524838,13.008620689655173,3.0408163265306123,1.0,4.724489795918367,0.0
66,carolina_panthers_2003,367,20,0,20,5,12.0,19.0,16.0,26.0,10,9,2003,carolina_panthers,0.8421052631578947,0.9666666666666667,0.5869565217391305,11.182926829268293,4.0951417004048585,0.0,0.9311740890688259,0.0
67,carolina_panthers_2004,449,7,0,24,14,7.0,29.0,15.0,33.0,6,9,2004,carolina_panthers,0.8,0.975,0.5813084112149532,9.278260869565218,3.7859237536656893,2.0,1.5689149560117301,0.0
68,carolina_panthers_2005,356,11,0,20,11,9.0,25.0,16.0,28.0,19,16,2005,carolina_panthers,0.7647058823529411,0.9772727272727273,0.5991091314031181,13.048780487804878,3.519650655021834,2.0,0.980349344978166,0.0
69,carolina_panthers_2006,591,16,0,43,6,8.0,19.0,17.0,32.0,19,6,2006,carolina_panthers,0.8888888888888888,1.0,0.6029684601113172,11.030405405405405,3.9770992366412212,0.0,1.3715012722646311,0.0
70,carolina_panthers_2007,781,15,0,48,9,10.0,19.0,17.0,33.0,17,7,2007,carolina_panthers,0.8571428571428571,1.0,0.5643564356435643,10.408695652173913,4.087155963302752,0.0,1.158256880733945,0.0
71,carolina_panthers_2008,852,18,0,70,10,6.0,15.0,12.0,20.0,9,30,2008,carolina_panthers,0.9032258064516129,1.0,0.5942028985507246,13.451612903225806,4.886868686868687,0.0,0.8363636363636363,0.0
72,carolina_panthers_2009,868,12,1,62,22,10.0,16.0,20.0,33.0,12,17,2009,carolina_panthers,0.8148148148148148,0.96875,0.567741935483871,12.023668639053254,4.823529411764706,3.0,0.9432048681541582,0.0
73,carolina_panthers_2010,876,14,1,59,15,13.0,5.0,10.0,14.0,9,7,2010,carolina_panthers,0.8620689655172413,1.0,0.5477707006369427,10.674757281553399,4.398976982097187,0.0,0.40153452685422,0.0
74,carolina_panthers_2011,790,27,2,69,13,5.0,21.0,17.0,35.0,17,25,2011,carolina_panthers,0.7857142857142857,0.9777777777777777,0.6011560693641619,13.3125,5.420814479638009,3.0,1.1742081447963801,0.0
75,carolina_panthers_2012,988,14,1,64,11,10.0,19.0,12.0,36.0,18,21,2012,carolina_panthers,0.8181818181818182,0.9523809523809523,0.5795918367346938,13.86100386100386,4.5524017467248905,0.0,1.0698689956331877,0.0
76,carolina_panthers_2013,790,29,0,55,18,5.0,24.0,13.0,43.0,23,14,2013,carolina_panthers,0.8888888888888888,1.0,0.6173361522198731,11.661971830985916,4.2259414225941425,1.0,0.9895397489539749,0.0
77,carolina_panthers_2014,861,38,0,67,13,10.0,23.0,12.0,42.0,21,10,2014,carolina_panthers,0.8285714285714286,1.0,0.6,11.920948616600791,4.462414578587699,1.0,1.2414578587699316,0.0
78,carolina_panthers_2015,1007,33,0,83,24,9.0,35.0,10.0,33.0,32,19,2015,carolina_panthers,0.8333333333333334,0.9491525423728814,0.5988023952095808,12.980842911877394,4.316190476190476,5.0,0.9542857142857143,0.0
79,carolina_panthers_2016,1025,44,1,70,17,10.0,21.0,19.0,36.0,21,16,2016,carolina_panthers,0.7894736842105263,0.9117647058823529,0.5435168738898757,12.947712418300654,4.004415011037527,2.0,1.2428256070640176,0.0
80,chicago_bears_2001,365,18,0,27,7,2.0,6.0,6.0,6.0,9,8,2001,chicago_bears,0.8387096774193549,1.0,0.6538461538461539,9.294573643410853,3.940334128878282,0.0,0.31026252983293556,0.0
81,chicago_bears_2002,368,13,0,9,1,7.0,5.0,4.0,23.0,6,7,2002,chicago_bears,0.7857142857142857,1.0,0.6395348837209303,9.605633802816902,3.5853658536585367,1.0,0.6991869918699187,0.0
82,chicago_bears_2003,354,5,0,19,4,3.0,3.0,7.0,14.0,3,8,2003,chicago_bears,0.7222222222222222,1.0,0.5572916666666666,10.419354838709678,3.8732394366197185,2.0,0.5408450704225352,0.0
83,chicago_bears_2004,451,16,1,25,6,3.0,1.0,4.0,15.0,3,2,2004,chicago_bears,0.625,1.0,0.5151515151515151,12.03076923076923,3.7260273972602738,1.0,0.678082191780822,0.0
84,chicago_bears_2005,578,18,0,41,17,9.0,9.0,13.0,30.0,5,2,2005,chicago_bears,0.7777777777777778,0.95,0.5162162162162162,8.597014925373134,4.356435643564357,0.0,3.6633663366336635,0.0
85,chicago_bears_2006,707,17,1,50,20,5.0,0.0,0.0,0.0,4,2,2006,chicago_bears,0.8888888888888888,1.0,1.0,12.714285714285714,4.1,1.0,0.1,0.0
86,chicago_bears_2007,685,32,0,49,12,4.0,4.0,2.0,2.0,4,3,2007,chicago_bears,0.8611111111111112,1.0,0.5365853658536586,9.915384615384616,3.061349693251534,2.0,0.5030674846625767,0.0
87,chicago_bears_2008,705,18,1,73,14,12.0,18.0,12.0,27.0,14,11,2008,chicago_bears,0.896551724137931,1.0,0.5836909871244635,10.561904761904762,3.9513513513513514,2.0,1.2594594594594595,0.0
88,chicago_bears_2009,629,21,1,29,5,7.0,27.0,27.0,35.0,23,5,2009,chicago_bears,0.8571428571428571,1.0,0.6039076376554174,10.73076923076923,3.908831908831909,2.0,1.603988603988604,0.0
89,chicago_bears_2010,727,27,0,65,15,10.0,23.0,16.0,54.0,20,10,2010,chicago_bears,0.8333333333333334,1.0,0.6059225512528473,12.368421052631579,3.9191176470588234,1.0,1.0759803921568627,0.0
90,chicago_bears_2011,591,14,1,45,12,8.0,18.0,20.0,49.0,13,10,2011,chicago_bears,0.875,1.0,0.5677966101694916,12.233695652173912,4.418859649122807,0.0,1.0350877192982457,0.0
91,chicago_bears_2012,550,14,0,59,15,6.0,21.0,16.0,44.0,18,6,2012,chicago_bears,0.8181818181818182,1.0,0.5917525773195876,11.710084033613445,4.379213483146067,3.0,1.3623595505617978,0.0
92,chicago_bears_2013,531,21,0,38,13,9.0,32.0,13.0,30.0,27,10,2013,chicago_bears,0.896551724137931,0.9782608695652174,0.6442141623488774,12.379104477611941,4.782991202346041,1.0,1.6979472140762464,0.0
93,chicago_bears_2014,671,26,0,40,8,9.0,28.0,18.0,38.0,29,8,2014,chicago_bears,0.75,0.9428571428571428,0.6595365418894831,10.454293628808864,4.045977011494253,2.0,1.6120689655172413,0.0
94,chicago_bears_2015,819,33,0,49,8,8.0,21.0,11.0,29.0,21,13,2015,chicago_bears,0.8461538461538461,0.9655172413793104,0.6438923395445134,11.505988023952096,3.987041036717063,1.0,1.043196544276458,0.0
95,chicago_bears_2016,946,36,1,64,7,11.0,19.0,19.0,28.0,19,10,2016,chicago_bears,0.782608695652174,0.96875,0.6207513416815742,11.956521739130435,4.582446808510638,1.0,1.4867021276595744,0.0
96,cincinnati_bengals_2001,383,3,0,24,4,9.0,12.0,23.0,25.0,9,11,2001,cincinnati_bengals,0.6071428571428571,0.9583333333333334,0.5378006872852233,10.544303797468354,3.792207792207792,0.0,1.5116883116883117,0.0
97,cincinnati_bengals_2002,298,2,0,13,5,9.0,16.0,16.0,24.0,16,11,2002,cincinnati_bengals,0.8333333333333334,0.9375,0.6215644820295984,11.26271186440678,3.991957104557641,1.0,1.2680965147453083,0.0
98,cincinnati_bengals_2003,462,13,0,29,8,5.0,26.0,15.0,37.0,25,12,2003,cincinnati_bengals,0.0,0.0,0.6230769230769231,11.52158273381295,4.268235294117647,0.0,1.223529411764706,0.0
99,cincinnati_bengals_2004,529,14,0,47,13,10.0,23.0,22.0,31.0,18,14,2004,cincinnati_bengals,0.0,0.0,0.6044776119402985,10.304166666666667,4.142523364485982,0.0,1.2523364485981308,0.0
100,cincinnati_bengals_2005,630,7,0,28,28,4.0,32.0,14.0,21.0,19,14,2005,cincinnati_bengals,0.0,0.0,0.6728624535315985,10.164658634538153,4.1066666666666665,0.0,1.1955555555555555,0.0
101,cincinnati_bengals_2006,672,13,0,56,14,11.0,28.0,13.0,36.0,9,14,2006,cincinnati_bengals,0.0,0.0,0.6230769230769231,12.134408602150538,3.823529411764706,0.0,1.223529411764706,0.0
102,cincinnati_bengals_2007,690,12,1,58,16,7.0,26.0,20.0,17.0,11,10,2007,cincinnati_bengals,0.0,0.0,0.648695652173913,11.35609756097561,3.503875968992248,0.0,1.4857881136950903,0.0
103,cincinnati_bengals_2008,741,14,0,61,8,9.0,11.0,15.0,51.0,4,4,2008,cincinnati_bengals,1.0,1.0,0.5906432748538012,7.803921568627451,3.605128205128205,0.0,2.6307692307692307,0.0
104,cincinnati_bengals_2009,707,28,0,75,17,9.0,21.0,13.0,29.0,11,3,2009,cincinnati_bengals,0.0,0.0,0.59958071278826,11.44055944055944,3.8274111675126905,0.0,2.4213197969543145,0.0
105,cincinnati_bengals_2010,711,20,0,55,14,6.0,26.0,20.0,28.0,18,1,2010,cincinnati_bengals,0.5,1.0,0.6186440677966102,10.879828326180258,3.951923076923077,0.0,5.673076923076923,0.0
106,cincinnati_bengals_2011,671,35,0,50,8,5.0,20.0,13.0,24.0,13,4,2011,cincinnati_bengals,0.0,0.0,0.5802707930367504,11.994736842105263,3.9664804469273744,0.0,2.888268156424581,0.0
107,cincinnati_bengals_2012,897,24,0,59,10,7.0,28.0,16.0,46.0,26,5,2012,cincinnati_bengals,0.0,0.0,0.6238185255198487,11.982578397212544,4.5,0.0,3.673611111111111,0.0
108,cincinnati_bengals_2013,954,39,0,88,18,8.0,33.0,20.0,29.0,32,7,2013,cincinnati_bengals,0.0,0.0,0.6201022146507666,12.0,3.8275862068965516,0.0,2.2490421455938696,0.0
109,cincinnati_bengals_2014,1066,19,2,96,20,9.0,20.0,17.0,23.0,20,19,2014,cincinnati_bengals,0.0,0.0,0.6421471172962226,11.092948717948717,4.3638211382113825,0.0,1.0223577235772359,0.0
110,cincinnati_bengals_2015,993,17,0,87,21,8.0,31.0,9.0,32.0,31,18,2015,cincinnati_bengals,0.0,0.0,0.6613861386138614,12.23123123123123,3.8650963597430406,0.0,1.0813704496788008,0.0
111,cincinnati_bengals_2016,1044,31,0,85,17,8.0,18.0,8.0,41.0,18,17,2016,cincinnati_bengals,0.8333333333333334,1.0,0.6465364120781527,11.553719008264462,3.9663677130044843,0.0,1.2623318385650224,0.0
112,cleveland_browns_2001,343,8,0,15,9,7.0,0.0,0.0,0.0,14,3,2001,cleveland_browns,0.88,0.9666666666666667,0.0,11.841807909604519,3.0200803212851404,0.0,0.0,0.0
113,cleveland_browns_2002,326,9,0,12,9,2.0,1.0,0.0,0.0,19,1,2002,cleveland_browns,0.7857142857142857,0.9714285714285714,0.3333333333333333,11.072625698324023,7.173913043478261,1.0,0.13043478260869565,0.0
114,cleveland_browns_2003,488,18,0,14,8,6.0,0.0,0.0,0.0,10,3,2003,cleveland_browns,0.8571428571428571,0.9523809523809523,0.0,10.994535519125684,4.225,1.0,0.025,0.0
115,cleveland_browns_2004,482,21,0,25,7,11.0,14.0,16.0,36.0,4,2,2004,cleveland_browns,0.8275862068965517,1.0,0.5454545454545454,15.16326530612245,4.507042253521127,0.0,4.957746478873239,0.0
116,cleveland_browns_2005,521,12,0,11,3,7.0,11.0,12.0,24.0,6,0,2005,cleveland_browns,0.9310344827586207,0.9047619047619048,0.5975975975975976,12.56,3.590909090909091,1.0,15.136363636363637,0.0
117,cleveland_browns_2006,448,7,0,14,3,3.0,5.0,8.0,8.0,7,0,2006,cleveland_browns,0.7241379310344828,1.0,0.5641025641025641,12.33,4.484848484848484,1.0,3.5454545454545454,0.0
118,cleveland_browns_2007,301,8,0,13,1,6.0,29.0,19.0,14.0,21,12,2007,cleveland_browns,0.8666666666666667,0.9767441860465116,0.5626168224299065,13.223880597014926,4.205405405405405,2.0,1.445945945945946,0.0
119,cleveland_browns_2008,407,5,0,13,6,3.0,11.0,10.0,15.0,5,5,2008,cleveland_browns,0.8333333333333334,1.0,0.5026881720430108,11.972727272727273,3.8385269121813033,0.0,1.0538243626062322,0.0
120,cleveland_browns_2009,479,7,0,18,0,9.0,11.0,17.0,30.0,7,9,2009,cleveland_browns,0.8947368421052632,0.9473684210526315,0.49658314350797267,10.948717948717949,3.8636363636363638,1.0,0.9977272727272727,0.0
121,cleveland_browns_2010,636,9,0,51,13,3.0,13.0,18.0,35.0,5,1,2010,cleveland_browns,0.8214285714285714,1.0,0.6194503171247357,11.520661157024794,2.7094017094017095,0.0,4.042735042735043,0.0
122,cleveland_browns_2011,825,26,0,54,6,4.0,16.0,13.0,38.0,5,1,2011,cleveland_browns,0.8275862068965517,1.0,0.5614035087719298,10.134751773049645,3.819742489270386,2.0,2.4463519313304722,0.0
123,cleveland_browns_2012,928,33,0,68,14,5.0,16.0,18.0,36.0,12,12,2012,cleveland_browns,0.9354838709677419,1.0,0.5795053003533569,11.426829268292684,3.9587628865979383,1.0,1.458762886597938,0.0
124,cleveland_browns_2013,1021,34,0,84,14,7.0,26.0,20.0,49.0,22,2,2013,cleveland_browns,0.0,0.0,0.5565345080763583,12.456521739130435,4.650717703349282,0.0,3.2583732057416266,0.0
125,cleveland_browns_2014,1013,19,1,86,20,7.0,12.0,16.0,31.0,10,17,2014,cleveland_browns,1.0,1.0,0.545816733067729,13.700440528634362,3.6226415094339623,0.0,1.0524109014675052,0.0
126,cleveland_browns_2015,944,25,0,51,11,17.0,20.0,12.0,53.0,19,5,2015,cleveland_browns,0.0,0.0,0.6091954022988506,11.21508379888268,4.055408970976253,0.0,1.6068601583113455,0.0
127,cleveland_browns_2016,1038,23,0,67,10,11.0,14.0,13.0,64.0,15,13,2016,cleveland_browns,0.8,0.9523809523809523,0.5966850828729282,10.92603550295858,4.916666666666667,0.0,1.5603448275862069,0.0
128,dallas_cowboys_2001,521,16,0,38,2,5.0,6.0,10.0,24.0,10,4,2001,dallas_cowboys,0.6470588235294118,1.0,0.5112781954887218,13.309859154929578,4.5683060109289615,2.0,1.453551912568306,0.0
129,dallas_cowboys_2002,507,17,0,30,4,7.0,7.0,8.0,19.0,7,1,2002,dallas_cowboys,0.0,0.0,0.5656108597285068,11.346938775510203,3.8852459016393444,0.0,1.8114754098360655,0.0
130,dallas_cowboys_2003,470,22,1,48,5,7.0,17.0,21.0,37.0,13,10,2003,dallas_cowboys,0.0,0.0,0.5767716535433071,11.020325203252032,3.9633620689655173,0.0,1.0948275862068966,0.0
131,dallas_cowboys_2004,589,22,0,38,10,9.0,18.0,21.0,34.0,15,7,2004,dallas_cowboys,0.0,0.0,0.596,11.891304347826088,3.5569105691056913,0.0,2.032520325203252,0.0
132,dallas_cowboys_2005,615,28,0,46,8,4.0,0.0,0.0,1.0,20,6,2005,dallas_cowboys,0.0,0.0,0.0,12.806167400881057,3.5848214285714284,0.0,0.004464285714285714,0.0
133,dallas_cowboys_2006,544,13,0,41,8,2.0,0.0,0.0,0.0,22,15,2006,dallas_cowboys,0.7222222222222222,1.0,0.0,12.90234375,4.512820512820513,1.0,0.0,0.0
134,dallas_cowboys_2007,589,15,0,59,11,2.0,0.0,0.0,1.0,25,10,2007,dallas_cowboys,0.8387096774193549,1.0,0.6363636363636364,12.365145228215768,4.59375,1.0,0.049107142857142856,0.0
135,dallas_cowboys_2008,766,33,0,49,7,6.0,2.0,5.0,8.0,21,9,2008,dallas_cowboys,0.9090909090909091,1.0,0.5316455696202531,11.820408163265306,4.0821114369501466,0.0,0.2316715542521994,0.0
136,dallas_cowboys_2009,641,14,0,69,10,2.0,0.0,0.0,0.0,2,10,2009,dallas_cowboys,0.6428571428571429,1.0,0.0,10.333333333333334,4.612903225806452,0.0,0.0,0.0
137,dallas_cowboys_2010,595,9,0,48,16,7.0,16.0,12.0,21.0,15,8,2010,dallas_cowboys,0.0,0.0,0.6551724137931034,9.906862745098039,3.6037735849056602,0.0,1.5047169811320755,0.0
138,dallas_cowboys_2011,671,11,0,44,14,4.0,1.0,2.0,0.0,15,3,2011,dallas_cowboys,0.8648648648648649,1.0,0.6,11.166666666666666,4.697777777777778,1.0,0.044444444444444446,0.0
139,dallas_cowboys_2012,654,6,0,42,6,4.0,1.0,0.0,0.0,21,4,2012,dallas_cowboys,0.9354838709677419,1.0,0.9,11.076023391812866,3.803738317757009,0.0,0.04672897196261682,0.0
140,dallas_cowboys_2013,879,20,0,63,15,6.0,2.0,2.0,0.0,33,12,2013,dallas_cowboys,0.9333333333333333,1.0,0.6470588235294118,11.365714285714287,4.639240506329114,0.0,0.16139240506329114,0.0
141,dallas_cowboys_2014,826,15,0,65,18,11.0,3.0,2.0,1.0,37,16,2014,dallas_cowboys,0.8620689655172413,1.0,0.5853658536585366,12.253822629969418,4.757261410788382,1.0,0.08506224066390042,0.0
142,dallas_cowboys_2015,939,30,1,51,8,10.0,11.0,15.0,27.0,16,8,2015,dallas_cowboys,0.9375,1.0,0.6167076167076168,11.03003003003003,4.646039603960396,0.0,1.0074257425742574,0.0
143,dallas_cowboys_2016,997,31,0,64,9,9.0,24.0,6.0,28.0,25,24,2016,dallas_cowboys,0.84375,1.0,0.6722338204592901,11.68923076923077,4.801603206412826,0.0,0.9599198396793587,0.0
144,denver_broncos_2001,363,11,0,32,13,2.0,0.0,0.0,1.0,5,5,2001,denver_broncos,0.8611111111111112,1.0,0.5833333333333334,8.481012658227849,3.9854721549636802,1.0,0.029055690072639227,0.0
145,denver_broncos_2002,467,8,0,29,8,2.0,0.0,0.0,0.0,11,3,2002,denver_broncos,0.7222222222222222,0.9767441860465116,0.0,11.859903381642512,4.68503937007874,1.0,0.0,0.0
146,denver_broncos_2003,308,4,0,28,5,2.0,2.0,6.0,2.0,12,3,2003,denver_broncos,0.875,1.0,0.504424778761062,12.335766423357665,3.585858585858586,0.0,1.1414141414141414,0.0
147,denver_broncos_2004,362,14,0,26,5,1.0,0.0,0.0,0.0,14,3,2004,denver_broncos,0.8529411764705882,1.0,0.0,15.46551724137931,5.35632183908046,1.0,0.0,0.0
148,denver_broncos_2005,458,11,1,47,15,5.0,0.0,0.0,0.0,9,23,2005,denver_broncos,0.75,0.9772727272727273,0.25,11.516339869281046,4.81010101010101,1.0,0.01616161616161616,0.0
149,denver_broncos_2006,595,29,0,34,12,7.0,9.0,5.0,13.0,17,11,2006,denver_broncos,0.9310344827586207,1.0,0.5912408759124088,12.178217821782178,4.544642857142857,0.0,0.30580357142857145,0.0
150,denver_broncos_2007,621,8,0,47,8,10.0,21.0,15.0,32.0,14,6,2007,denver_broncos,0.8709677419354839,1.0,0.6330097087378641,11.089430894308943,4.873563218390805,0.0,1.9731800766283525,0.0
151,denver_broncos_2008,638,18,0,26,4,12.0,25.0,18.0,12.0,16,10,2008,denver_broncos,0.7352941176470589,0.975,0.6225806451612903,11.89236111111111,4.599337748344371,0.0,2.052980132450331,0.0
152,denver_broncos_2009,706,11,0,61,15,2.0,21.0,12.0,29.0,14,0,2009,denver_broncos,0.8571428571428571,1.0,0.6210720887245841,11.717488789237668,3.46875,0.0,16.90625,0.0
153,denver_broncos_2010,638,14,0,57,7,11.0,25.0,12.0,40.0,9,6,2010,denver_broncos,0.88,0.9743589743589743,0.5758620689655173,12.224242424242425,4.136363636363637,0.0,3.7662337662337664,0.0
154,denver_broncos_2011,782,21,0,52,8,12.0,20.0,13.0,42.0,17,7,2011,denver_broncos,0.76,1.0,0.5058275058275058,12.593333333333334,4.823076923076923,1.0,1.65,0.0
155,denver_broncos_2012,804,22,2,69,13,7.0,37.0,11.0,21.0,27,2,2012,denver_broncos,0.8125,1.0,0.6836734693877551,12.755905511811024,3.0443037974683542,0.0,3.721518987341772,0.0
156,denver_broncos_2013,838,27,0,89,15,13.0,55.0,10.0,20.0,48,6,2013,denver_broncos,0.9615384615384616,1.0,0.682962962962963,12.637566137566138,3.622119815668203,0.0,3.110599078341014,0.0
157,denver_broncos_2014,775,15,0,81,17,5.0,40.0,15.0,17.0,40,15,2014,denver_broncos,0.8275862068965517,1.0,0.657331136738056,12.01015228426396,4.013761467889908,0.0,1.3922018348623852,0.0
158,denver_broncos_2015,876,38,1,75,11,8.0,19.0,23.0,39.0,17,13,2015,denver_broncos,0.8571428571428571,0.9722222222222222,0.6072607260726073,11.575418994413408,4.182926829268292,0.0,1.4780487804878049,0.0
159,denver_broncos_2016,997,27,0,84,14,14.0,20.0,11.0,40.0,20,11,2016,denver_broncos,0.8529411764705882,0.9696969696969697,0.5947368421052631,11.545722713864306,3.6195121951219513,1.0,1.3902439024390243,1.0
160,detroit_lions_2001,456,9,0,29,10,8.0,15.0,23.0,45.0,2,6,2001,detroit_lions,0.7,1.0,0.5870445344129555,9.967948717948717,3.1875,1.0,3.4305555555555554,0.0
161,detroit_lions_2002,590,15,0,48,5,4.0,12.0,16.0,8.0,16,2,2002,detroit_lions,0.8214285714285714,1.0,0.5011655011655012,12.896039603960396,2.806451612903226,0.0,4.612903225806452,0.0
162,detroit_lions_2003,490,9,0,24,5,1.0,17.0,22.0,9.0,14,2,2003,detroit_lions,0.9565217391304348,0.9629629629629629,0.5565529622980251,9.946428571428571,3.276923076923077,0.0,2.8564102564102565,0.0
163,detroit_lions_2004,675,20,1,27,9,3.0,19.0,12.0,36.0,8,2,2004,detroit_lions,0.8571428571428571,1.0,0.5603271983640081,11.880733944954128,3.144144144144144,0.0,4.405405405405405,0.0
164,detroit_lions_2005,576,17,0,26,9,5.0,15.0,18.0,31.0,2,4,2005,detroit_lions,0.7916666666666666,1.0,0.5711538461538461,8.29,3.2751677852348995,1.0,3.48993288590604,0.0
165,detroit_lions_2006,514,21,1,11,6,9.0,21.0,22.0,63.0,4,3,2006,detroit_lions,0.8787878787878788,1.0,0.6241610738255033,9.476190476190476,3.669491525423729,0.0,5.0508474576271185,0.0
166,detroit_lions_2007,646,17,1,26,8,9.0,19.0,22.0,54.0,6,2,2007,detroit_lions,0.8285714285714286,0.9722222222222222,0.626916524701874,11.762376237623762,3.789473684210526,3.0,6.178947368421053,0.0
167,detroit_lions_2008,579,15,0,24,1,6.0,14.0,13.0,35.0,16,1,2008,detroit_lions,0.9545454545454546,0.9615384615384616,0.5612244897959183,12.827814569536423,3.2450980392156863,2.0,3.843137254901961,0.0
168,detroit_lions_2009,655,14,1,42,5,6.0,13.0,26.0,29.0,9,3,2009,detroit_lions,0.75,1.0,0.530373831775701,12.0,4.886792452830188,0.0,8.075471698113208,0.0
169,detroit_lions_2010,754,29,0,32,4,5.0,26.0,16.0,27.0,13,2,2010,detroit_lions,0.8333333333333334,1.0,0.606973058637084,11.905405405405405,5.071428571428571,0.0,9.014285714285714,0.0
170,detroit_lions_2011,623,26,0,22,6,2.0,41.0,16.0,36.0,28,0,2011,detroit_lions,0.8275862068965517,1.0,0.6351351351351351,15.434285714285714,3.6341463414634148,1.0,16.24390243902439,0.0
171,detroit_lions_2012,715,27,1,37,6,12.0,22.0,17.0,29.0,11,16,2012,detroit_lions,0.8888888888888888,1.0,0.6013513513513513,12.36896551724138,4.13782991202346,0.0,2.1700879765395893,0.0
172,detroit_lions_2013,775,31,2,70,13,13.0,29.0,19.0,23.0,24,15,2013,detroit_lions,0.7916666666666666,0.9767441860465116,0.5851735015772871,13.053061224489795,4.063205417607223,3.0,1.4311512415349887,0.0
173,detroit_lions_2014,837,32,1,72,20,8.0,22.0,12.0,45.0,21,11,2014,detroit_lions,0.8076923076923077,1.0,0.6043046357615894,11.925287356321839,3.615979381443299,2.0,1.556701030927835,0.0
174,detroit_lions_2015,898,22,0,60,9,9.0,33.0,14.0,44.0,28,7,2015,detroit_lions,0.9166666666666666,0.9230769230769231,0.6645569620253164,10.5703125,3.7711864406779663,1.0,1.7853107344632768,0.0
175,detroit_lions_2016,950,25,1,63,10,5.0,24.0,10.0,37.0,24,9,2016,detroit_lions,0.8611111111111112,0.9393939393939394,0.6531986531986532,11.152061855670103,3.742857142857143,1.0,1.697142857142857,0.0
176,green_bay_packers_2001,592,23,1,39,12,8.0,32.0,15.0,22.0,21,1,2001,green_bay_packers,0.0,0.0,0.615686274509804,12.037878787878787,2.6470588235294117,0.0,6.0,0.0
177,green_bay_packers_2002,742,12,0,35,19,8.0,29.0,16.0,27.0,15,3,2002,green_bay_packers,0.0,0.0,0.6224137931034482,10.808080808080808,4.044117647058823,0.0,4.264705882352941,0.0
178,green_bay_packers_2003,790,15,0,43,15,5.0,32.0,21.0,19.0,22,3,2003,green_bay_packers,0.0,0.0,0.6553911205073996,11.964497041420119,4.2534246575342465,0.0,3.23972602739726,0.0
179,green_bay_packers_2004,694,17,0,43,7,4.0,35.0,19.0,14.0,23,2,2004,green_bay_packers,0.0,0.0,0.6381909547738693,12.688073394495413,4.141104294478527,0.0,3.6625766871165646,0.0
180,green_bay_packers_2005,752,26,0,43,7,14.0,20.0,30.0,27.0,15,9,2005,green_bay_packers,0.0,0.0,0.6118210862619808,9.409090909090908,3.5457875457875456,0.0,2.293040293040293,0.0
181,green_bay_packers_2006,551,16,0,34,9,7.0,18.0,18.0,24.0,7,1,2006,green_bay_packers,0.7428571428571429,0.96875,0.5564387917329093,12.476923076923077,0.5666666666666667,2.0,20.966666666666665,0.0
182,green_bay_packers_2007,435,15,0,28,5,5.0,30.0,15.0,19.0,25,1,2007,green_bay_packers,0.7948717948717948,1.0,0.6626297577854672,12.763975155279503,2.7203389830508473,1.0,4.898305084745763,0.0
183,green_bay_packers_2008,444,13,0,41,5,3.0,28.0,13.0,34.0,21,6,2008,green_bay_packers,0.7941176470588235,1.0,0.634011090573013,11.345794392523365,4.150442477876106,2.0,4.787610619469026,0.0
184,green_bay_packers_2009,499,17,0,39,7,6.0,30.0,8.0,51.0,15,8,2009,green_bay_packers,0.75,0.9795918367346939,0.6455696202531646,12.202764976958525,4.074074074074074,0.0,5.12037037037037,0.0
185,green_bay_packers_2010,500,26,0,45,14,6.0,31.0,13.0,38.0,21,11,2010,green_bay_packers,0.7857142857142857,1.0,0.6506469500924215,12.454545454545455,3.7796610169491527,2.0,1.3099273607748183,0.0
186,green_bay_packers_2011,573,14,0,73,21,5.0,51.0,8.0,41.0,36,10,2011,green_bay_packers,0.8571428571428571,0.9855072463768116,0.6811594202898551,13.777777777777779,3.821011673151751,1.0,2.1478599221789882,1.0
187,green_bay_packers_2012,633,20,0,71,16,7.0,39.0,8.0,51.0,21,6,2012,green_bay_packers,0.6363636363636364,1.0,0.670863309352518,11.799196787148594,4.403061224489796,0.0,2.836734693877551,0.0
188,green_bay_packers_2013,726,31,0,53,9,8.0,25.0,16.0,45.0,16,17,2013,green_bay_packers,0.8918918918918919,1.0,0.6421052631578947,11.908675799086758,4.65359477124183,0.0,1.2418300653594772,0.0
189,green_bay_packers_2014,855,28,0,82,17,7.0,38.0,6.0,30.0,34,14,2014,green_bay_packers,0.8181818181818182,0.9636363636363636,0.6511194029850746,13.038216560509554,4.406896551724138,5.0,1.232183908045977,0.0
190,green_bay_packers_2015,960,32,0,72,16,9.0,31.0,8.0,47.0,22,8,2015,green_bay_packers,0.8571428571428571,1.0,0.6073298429319371,9.901060070671377,4.276995305164319,1.0,1.3450704225352113,0.0
191,green_bay_packers_2016,919,28,0,88,17,9.0,40.0,8.0,35.0,40,11,2016,green_bay_packers,0.8666666666666667,0.9361702127659575,0.65,11.052631578947368,4.585164835164835,1.0,1.7032967032967032,0.0
192,houston_texans_2002,590,16,1,42,5,12.0,11.0,15.0,76.0,2,6,2002,houston_texans,0.0,0.0,0.5257270693512305,9.531746031746032,3.2114014251781473,0.0,1.0617577197149644,0.0
193,houston_texans_2003,697,13,0,43,1,3.0,14.0,18.0,36.0,7,6,2003,houston_texans,0.0,0.0,0.5649202733485194,12.380952380952381,3.4895104895104896,0.0,3.06993006993007,0.0
194,houston_texans_2004,613,10,0,31,9,5.0,16.0,14.0,49.0,11,3,2004,houston_texans,0.0,0.0,0.6072186836518046,13.842424242424242,3.86144578313253,0.0,2.8373493975903616,0.0
195,houston_texans_2005,477,25,0,31,4,8.0,15.0,13.0,68.0,6,5,2005,houston_texans,0.0,0.0,0.6026785714285714,9.558659217877095,4.139240506329114,0.0,2.8354430379746836,0.0
196,houston_texans_2006,477,21,0,30,4,7.0,11.0,12.0,41.0,11,9,2006,houston_texans,0.0,0.0,0.6832579185520362,9.994871794871795,4.0137931034482754,0.0,1.5241379310344827,0.0
197,houston_texans_2007,377,13,0,15,0,8.0,0.0,0.0,0.0,21,9,2007,houston_texans,0.0,0.0,0.0,11.76923076923077,4.040404040404041,0.0,0.0,0.0
198,houston_texans_2008,516,5,0,31,6,2.0,0.0,0.0,0.0,20,1,2008,houston_texans,0.0,0.0,0.0,13.470588235294118,2.9,0.0,0.0,0.0
199,houston_texans_2009,569,24,2,48,7,1.0,0.0,0.0,0.0,17,3,2009,houston_texans,0.0,0.0,0.0,12.647058823529411,4.883333333333334,0.0,0.0,0.0
200,houston_texans_2010,757,25,0,48,12,2.0,0.0,0.0,0.0,17,20,2010,houston_texans,0.9,1.0,0.0,11.923636363636364,5.121372031662269,0.0,0.0,0.0
201,houston_texans_2011,772,30,0,91,17,10.0,5.0,3.0,17.0,12,16,2011,houston_texans,0.8421052631578947,0.975,0.6285714285714286,12.33920704845815,4.619230769230769,1.0,0.33653846153846156,0.0
202,houston_texans_2012,820,23,1,104,14,4.0,0.0,1.0,1.0,19,19,2012,houston_texans,0.0,0.0,0.4,11.60501567398119,4.393004115226337,0.0,0.0205761316872428,0.0
203,houston_texans_2013,896,20,1,64,7,7.0,9.0,8.0,21.0,14,7,2013,houston_texans,0.7428571428571429,1.0,0.5527272727272727,11.418604651162791,4.25,1.0,0.6875,0.0
204,houston_texans_2014,915,18,1,85,18,9.0,22.0,13.0,26.0,21,12,2014,houston_texans,0.8571428571428571,1.0,0.6082474226804123,11.738181818181818,3.9577981651376146,2.0,0.8899082568807339,0.0
205,houston_texans_2015,922,16,0,90,14,8.0,29.0,12.0,36.0,23,6,2015,houston_texans,0.8518518518518519,0.8888888888888888,0.5783521809369951,11.472527472527473,3.745308310991957,0.0,1.6595174262734584,0.0
206,houston_texans_2016,947,29,0,70,11,8.0,15.0,16.0,32.0,15,8,2016,houston_texans,0.8536585365853658,0.88,0.5951972555746141,9.937685459940653,4.076754385964913,1.0,1.2785087719298245,0.0
207,indianapolis_colts_2001,569,24,0,29,10,14.0,27.0,23.0,29.0,19,16,2001,indianapolis_colts,0.8235294117647058,0.9761904761904762,0.6277372262773723,11.833333333333334,4.555819477434679,2.0,1.3016627078384797,0.0
208,indianapolis_colts_2002,700,13,0,52,10,9.0,27.0,19.0,23.0,20,4,2002,indianapolis_colts,0.7419354838709677,1.0,0.6632825719120136,10.813253012048193,3.6503067484662575,1.0,1.812883435582822,0.0
209,indianapolis_colts_2003,585,11,0,43,11,6.0,29.0,10.0,18.0,21,11,2003,indianapolis_colts,1.0,1.0,0.6696113074204947,11.355212355212355,3.848806366047745,0.0,1.5013262599469497,0.0
210,indianapolis_colts_2004,641,10,0,33,11,5.0,49.0,10.0,13.0,27,10,2004,indianapolis_colts,0.7692307692307693,0.9846153846153847,0.676056338028169,12.97737556561086,4.445520581113802,1.0,1.2033898305084745,0.0
211,indianapolis_colts_2005,634,13,0,30,8,7.0,28.0,10.0,17.0,26,18,2005,indianapolis_colts,0.8846153846153846,1.0,0.673289183222958,11.803088803088803,3.782511210762332,1.0,1.015695067264574,0.0
212,indianapolis_colts_2006,655,16,0,36,9,8.0,31.0,9.0,15.0,25,17,2006,indianapolis_colts,0.8928571428571429,1.0,0.6499102333931778,12.246006389776358,4.0136674259681095,0.0,1.2687927107061503,0.0
213,indianapolis_colts_2007,722,21,1,35,12,5.0,31.0,14.0,21.0,21,19,2007,indianapolis_colts,0.7931034482758621,0.9607843137254902,0.654368932038835,12.079584775086506,3.8378995433789953,3.0,1.1757990867579908,1.0
214,indianapolis_colts_2008,855,5,0,25,7,4.0,27.0,12.0,14.0,21,12,2008,indianapolis_colts,0.8,1.0,0.6684684684684684,10.709897610921502,3.4885714285714284,1.0,1.5857142857142856,0.0
215,indianapolis_colts_2009,824,15,0,56,14,5.0,34.0,19.0,13.0,17,11,2009,indianapolis_colts,0.7777777777777778,0.9444444444444444,0.6688851913477537,11.876146788990825,3.342007434944238,1.0,2.2342007434944238,0.0
216,indianapolis_colts_2010,762,8,0,31,7,5.0,33.0,17.0,16.0,16,11,2010,indianapolis_colts,0.9285714285714286,1.0,0.6627393225331369,10.58108108108108,3.7709923664122136,1.0,2.5916030534351147,0.0
217,indianapolis_colts_2011,874,24,0,40,6,11.0,12.0,13.0,30.0,11,3,2011,indianapolis_colts,0.8518518518518519,1.0,0.5825688073394495,11.535714285714286,3.861788617886179,1.0,1.7723577235772359,0.0
218,indianapolis_colts_2012,852,31,0,61,12,7.0,23.0,18.0,41.0,18,10,2012,indianapolis_colts,0.7878787878787878,1.0,0.5398089171974523,12.928,3.8853503184713376,2.0,2.0,0.0
219,indianapolis_colts_2013,887,17,2,69,15,4.0,23.0,10.0,32.0,14,7,2013,indianapolis_colts,0.875,1.0,0.6013745704467354,11.84016393442623,3.876984126984127,1.0,2.3095238095238093,0.0
220,indianapolis_colts_2014,855,32,0,71,12,10.0,42.0,16.0,29.0,35,6,2014,indianapolis_colts,0.967741935483871,1.0,0.6212121212121212,13.132564841498558,3.3846153846153846,0.0,2.672064777327935,0.0
221,indianapolis_colts_2015,939,34,1,73,17,7.0,25.0,17.0,31.0,22,6,2015,indianapolis_colts,0.9259259259259259,0.9142857142857143,0.5796064400715564,11.461783439490446,3.8167701863354035,1.0,1.736024844720497,0.0
222,indianapolis_colts_2016,929,22,0,58,8,7.0,32.0,15.0,44.0,32,13,2016,indianapolis_colts,0.8709677419354839,1.0,0.6329331046312179,12.137837837837838,3.9901960784313726,0.0,1.428921568627451,0.0
223,jacksonville_jaguars_2001,584,22,0,30,9,6.0,1.0,1.0,6.0,7,9,2001,jacksonville_jaguars,0.0,0.0,0.5245901639344263,10.83448275862069,4.133333333333334,0.0,0.23921568627450981,0.0
224,jacksonville_jaguars_2002,304,4,0,19,2,4.0,1.0,2.0,7.0,3,19,2002,jacksonville_jaguars,0.6190476190476191,1.0,0.5,10.56140350877193,4.574209245742092,0.0,0.11192214111922141,0.0
225,jacksonville_jaguars_2003,338,3,0,23,6,11.0,15.0,16.0,19.0,10,11,2003,jacksonville_jaguars,0.6060606060606061,1.0,0.5763888888888888,10.721052631578948,4.360730593607306,3.0,0.9863013698630136,0.0
226,jacksonville_jaguars_2004,524,17,2,33,13,7.0,17.0,11.0,32.0,5,5,2004,jacksonville_jaguars,0.7741935483870968,1.0,0.594541910331384,8.871621621621621,4.447802197802198,0.0,1.4093406593406594,0.0
227,jacksonville_jaguars_2005,359,11,0,19,9,6.0,19.0,6.0,31.0,0,13,2005,jacksonville_jaguars,0.7666666666666667,0.9743589743589743,0.5808510638297872,6.96078431372549,3.9788519637462234,0.0,1.4199395770392749,0.0
228,jacksonville_jaguars_2006,436,8,0,29,14,6.0,17.0,14.0,29.0,2,8,2006,jacksonville_jaguars,0.8125,1.0,0.5966981132075472,9.953488372093023,4.635820895522388,0.0,1.2656716417910447,0.0
229,jacksonville_jaguars_2007,577,7,0,39,14,6.0,18.0,3.0,21.0,7,7,2007,jacksonville_jaguars,0.875,0.9583333333333334,0.64,11.768518518518519,4.951890034364261,1.0,1.1168384879725086,0.0
230,jacksonville_jaguars_2008,568,12,0,37,11,5.0,15.0,13.0,42.0,5,5,2008,jacksonville_jaguars,0.76,1.0,0.6238361266294227,10.89516129032258,4.16,1.0,2.3866666666666667,0.0
231,jacksonville_jaguars_2009,612,7,0,28,7,9.0,15.0,10.0,44.0,5,4,2009,jacksonville_jaguars,0.6428571428571429,0.967741935483871,0.6069364161849711,11.300813008130081,4.694656488549619,2.0,3.9618320610687023,0.0
232,jacksonville_jaguars_2010,491,13,0,22,3,9.0,24.0,18.0,37.0,16,9,2010,jacksonville_jaguars,0.7857142857142857,1.0,0.6290322580645161,11.443850267379679,5.0669856459330145,1.0,2.076555023923445,0.0
233,jacksonville_jaguars_2011,674,13,0,42,10,7.0,12.0,15.0,44.0,6,0,2011,jacksonville_jaguars,0.92,1.0,0.511727078891258,10.261437908496733,2.4326241134751774,0.0,3.326241134751773,0.0
234,jacksonville_jaguars_2012,719,11,0,37,7,7.0,20.0,17.0,50.0,16,4,2012,jacksonville_jaguars,0.8928571428571429,0.9473684210526315,0.5597269624573379,12.441558441558442,3.4405286343612334,1.0,2.5814977973568283,0.0
235,jacksonville_jaguars_2013,809,25,1,51,7,4.0,15.0,21.0,50.0,14,2,2013,jacksonville_jaguars,0.92,0.9565217391304348,0.5888324873096447,10.966037735849056,3.2587412587412588,2.0,4.1328671328671325,0.0
236,jacksonville_jaguars_2014,930,32,0,40,5,7.0,15.0,18.0,71.0,14,9,2014,jacksonville_jaguars,0.7692307692307693,1.0,0.5834829443447038,10.6,4.536111111111111,3.0,1.5472222222222223,0.0
237,jacksonville_jaguars_2015,976,29,0,71,9,8.0,35.0,18.0,51.0,34,5,2015,jacksonville_jaguars,0.8666666666666667,0.8205128205128205,0.5858085808580858,12.616822429906541,4.162241887905605,1.0,1.7876106194690264,0.0
238,jacksonville_jaguars_2016,908,30,0,55,7,12.0,24.0,16.0,34.0,22,8,2016,jacksonville_jaguars,0.7941176470588235,0.90625,0.5894568690095847,10.712209302325581,4.154241645244216,2.0,1.6092544987146529,0.0
239,kansas_city_chiefs_2001,628,16,1,30,9,2.0,0.0,0.0,0.0,13,7,2001,kansas_city_chiefs,0.7714285714285715,0.9642857142857143,1.0,13.494949494949495,3.223684210526316,1.0,0.013157894736842105,0.0
240,kansas_city_chiefs_2002,687,7,0,36,16,1.0,0.0,0.0,0.0,15,2,2002,kansas_city_chiefs,0.8461538461538461,1.0,0.0,13.578616352201259,4.682926829268292,0.0,0.0,0.0
241,kansas_city_chiefs_2003,471,10,0,30,13,4.0,0.0,0.0,1.0,16,1,2003,kansas_city_chiefs,0.8,0.9830508474576272,0.0,12.548913043478262,3.661290322580645,1.0,0.0,0.0
242,kansas_city_chiefs_2004,485,17,0,30,11,3.0,0.0,0.0,0.0,18,9,2004,kansas_city_chiefs,0.0,0.0,0.0,13.0,4.824324324324325,0.0,0.0,0.0
243,kansas_city_chiefs_2005,550,10,0,42,9,9.0,0.0,0.0,0.0,15,20,2005,kansas_city_chiefs,0.0,0.0,0.0,13.127906976744185,5.123595505617978,0.0,0.0,0.0
244,kansas_city_chiefs_2006,691,28,0,39,13,5.0,0.0,0.0,0.0,15,17,2006,kansas_city_chiefs,0.0,0.0,0.0,12.447698744769875,4.268691588785047,0.0,0.002336448598130841,0.0
245,kansas_city_chiefs_2007,728,19,0,52,10,3.0,0.0,1.0,1.0,11,4,2007,kansas_city_chiefs,0.72,1.0,0.2857142857142857,10.575,3.407608695652174,1.0,0.03804347826086957,0.0
246,kansas_city_chiefs_2008,688,8,0,48,10,5.0,19.0,12.0,27.0,13,8,2008,kansas_city_chiefs,0.7272727272727273,1.0,0.5497630331753555,10.781065088757396,4.946745562130178,0.0,1.2485207100591715,0.0
247,kansas_city_chiefs_2009,664,18,1,72,9,9.0,16.0,17.0,42.0,9,7,2009,kansas_city_chiefs,0.8620689655172413,1.0,0.548582995951417,10.349315068493151,4.541463414634146,1.0,1.2048780487804878,0.0
248,kansas_city_chiefs_2010,784,20,0,90,12,5.0,27.0,7.0,28.0,6,6,2010,kansas_city_chiefs,0.7692307692307693,1.0,0.5833333333333334,9.466019417475728,5.585760517799352,1.0,1.4757281553398058,0.0
249,kansas_city_chiefs_2011,771,15,0,77,17,8.0,13.0,18.0,34.0,4,4,2011,kansas_city_chiefs,0.8,1.0,0.598,7.927835051546392,4.1835443037974684,2.0,1.5822784810126582,0.0
250,kansas_city_chiefs_2012,699,16,1,58,5,14.0,8.0,20.0,40.0,3,8,2012,kansas_city_chiefs,0.8235294117647058,1.0,0.5759493670886076,9.186206896551724,5.014742014742015,0.0,1.1646191646191646,0.0
251,kansas_city_chiefs_2013,787,23,0,92,21,7.0,24.0,8.0,41.0,15,17,2013,kansas_city_chiefs,0.7857142857142857,1.0,0.6098901098901099,9.788732394366198,4.700696055684455,1.0,1.2668213457076567,0.0
252,kansas_city_chiefs_2014,848,24,0,70,6,10.0,18.0,6.0,49.0,16,17,2014,kansas_city_chiefs,0.8333333333333334,1.0,0.6490872210953347,10.158878504672897,4.583941605839416,0.0,1.1995133819951338,0.0
253,kansas_city_chiefs_2015,877,45,1,88,22,8.0,20.0,7.0,46.0,20,19,2015,kansas_city_chiefs,0.8108108108108109,0.9512195121951219,0.6553911205073996,11.43728813559322,4.6880733944954125,1.0,1.084862385321101,0.0
254,kansas_city_chiefs_2016,931,17,0,103,18,8.0,19.0,8.0,32.0,19,15,2016,kansas_city_chiefs,0.8857142857142857,0.9230769230769231,0.6684981684981685,10.736986301369862,4.242718446601942,1.0,1.325242718446602,0.0
255,los_angeles_rams_2016,960,30,0,73,10,9.0,14.0,20.0,49.0,14,9,2016,los_angeles_rams,0.8636363636363636,1.0,0.582089552238806,10.618589743589743,3.3386666666666667,0.0,1.4293333333333333,0.0
256,miami_dolphins_2001,510,16,0,27,12,10.0,20.0,19.0,27.0,14,5,2001,miami_dolphins,0.9047619047619048,0.975,0.6066666666666667,13.378881987577639,4.252873563218391,1.0,5.172413793103448,0.0
257,miami_dolphins_2002,553,11,0,37,12,3.0,14.0,9.0,13.0,11,4,2002,miami_dolphins,0.7741935483870968,0.9767441860465116,0.613013698630137,10.720779220779221,5.017543859649122,1.0,5.12280701754386,0.0
258,miami_dolphins_2003,699,9,1,30,13,6.0,11.0,13.0,19.0,12,3,2003,miami_dolphins,0.7586206896551724,0.9705882352941176,0.5700636942675159,14.294117647058824,3.2142857142857144,2.0,7.476190476190476,0.0
259,miami_dolphins_2004,561,19,1,30,5,14.0,18.0,23.0,48.0,14,1,2004,miami_dolphins,0.8,1.0,0.5347985347985348,11.83108108108108,3.0736842105263156,0.0,5.747368421052632,0.0
260,miami_dolphins_2005,707,17,2,46,12,3.0,0.0,0.0,0.0,12,0,2005,miami_dolphins,0.8333333333333334,1.0,0.0,13.5,6.466666666666667,0.0,0.0,0.0
261,miami_dolphins_2006,621,12,0,61,6,2.0,14.0,16.0,20.0,7,0,2006,miami_dolphins,0.7222222222222222,1.0,0.5723684210526315,10.379518072289157,4.064516129032258,2.0,14.709677419354838,0.0
262,miami_dolphins_2007,471,5,0,42,9,10.0,7.0,9.0,35.0,10,9,2007,miami_dolphins,0.9130434782608695,1.0,0.5600961538461539,10.64824120603015,3.4716981132075473,0.0,1.9622641509433962,0.0
263,miami_dolphins_2008,377,6,1,52,9,2.0,19.0,7.0,24.0,14,3,2008,miami_dolphins,0.84,1.0,0.6721311475409836,13.1731843575419,3.5789473684210527,1.0,12.842105263157896,0.0
264,miami_dolphins_2009,505,19,0,53,11,4.0,14.0,18.0,32.0,6,2,2009,miami_dolphins,0.8928571428571429,0.9736842105263158,0.6172607879924953,12.34,3.774193548387097,1.0,17.193548387096776,0.0
265,miami_dolphins_2010,690,17,0,69,10,4.0,17.0,21.0,38.0,8,0,2010,miami_dolphins,0.7317073170731707,1.0,0.6036036036036037,12.75287356321839,2.980769230769231,2.0,10.673076923076923,0.0
266,miami_dolphins_2011,693,31,0,49,11,9.0,20.0,13.0,47.0,16,9,2011,miami_dolphins,0.8529411764705882,1.0,0.5969498910675382,13.19047619047619,4.835205992509363,1.0,1.7191011235955056,0.0
267,miami_dolphins_2012,681,17,0,49,7,11.0,13.0,13.0,37.0,11,11,2012,miami_dolphins,0.7666666666666667,1.0,0.5813492063492064,11.258536585365853,4.221902017291066,1.0,1.4524495677233429,0.0
268,miami_dolphins_2013,848,25,1,64,15,7.0,24.0,19.0,58.0,22,4,2013,miami_dolphins,0.7647058823529411,1.0,0.601010101010101,11.449404761904763,4.308333333333334,1.0,2.475,0.0
269,miami_dolphins_2014,832,23,1,40,12,10.0,27.0,12.0,46.0,27,9,2014,miami_dolphins,0.7837837837837838,1.0,0.6621848739495798,10.377659574468085,4.802469135802469,2.0,1.8364197530864197,0.0
270,miami_dolphins_2015,1024,29,0,69,12,7.0,24.0,12.0,45.0,24,11,2015,miami_dolphins,0.8125,0.9166666666666666,0.6207482993197279,11.584958217270195,4.389776357827476,0.0,1.878594249201278,0.0
271,miami_dolphins_2016,1065,16,0,73,16,8.0,27.0,15.0,30.0,27,14,2016,miami_dolphins,0.7619047619047619,0.9761904761904762,0.6624737945492662,11.777777777777779,4.53904282115869,2.0,1.2015113350125946,0.0
272,minnesota_vikings_2001,542,13,0,37,4,7.0,0.0,0.0,0.0,11,1,2001,minnesota_vikings,0.8333333333333334,0.9666666666666667,0.0,10.83495145631068,3.1149425287356323,1.0,0.0,0.0
273,minnesota_vikings_2002,362,2,0,13,6,4.0,0.0,0.0,0.0,11,0,2002,minnesota_vikings,0.782608695652174,0.972972972972973,0.0,11.988023952095809,6.095238095238095,4.0,0.0,0.0
274,minnesota_vikings_2003,283,0,0,25,11,1.0,0.0,0.0,0.0,9,0,2003,minnesota_vikings,0.72,1.0,0.0,12.175824175824175,4.620689655172414,0.0,0.0,0.0
275,minnesota_vikings_2004,390,9,0,13,1,2.0,0.0,0.0,0.0,1,0,2004,minnesota_vikings,0.8181818181818182,1.0,0.0,15.533333333333333,1.3333333333333333,0.0,0.0,0.0
276,minnesota_vikings_2005,446,13,0,28,14,5.0,12.0,4.0,23.0,4,4,2005,minnesota_vikings,0.7352941176470589,1.0,0.6258503401360545,10.72,2.1481481481481484,3.0,5.444444444444445,0.0
277,minnesota_vikings_2006,384,15,0,14,8,11.0,11.0,19.0,37.0,4,12,2006,minnesota_vikings,0.0,0.0,0.6096153846153847,9.545454545454545,4.04066985645933,0.0,1.244019138755981,0.0
278,minnesota_vikings_2007,486,24,0,24,8,13.0,9.0,12.0,19.0,10,22,2007,minnesota_vikings,0.0,0.0,0.5838926174496645,11.873015873015873,5.305376344086022,0.0,0.6408602150537634,0.0
279,minnesota_vikings_2008,571,15,2,31,7,11.0,10.0,2.0,14.0,8,14,2008,minnesota_vikings,0.0,0.0,0.5894039735099338,9.294117647058824,4.670731707317073,0.0,0.30691056910569103,0.0
280,minnesota_vikings_2009,557,20,1,36,6,10.0,34.0,7.0,34.0,17,19,2009,minnesota_vikings,0.0,0.0,0.6817359855334539,12.180769230769231,4.118534482758621,0.0,1.1918103448275863,0.0
281,minnesota_vikings_2010,590,15,0,35,9,10.0,14.0,26.0,36.0,10,16,2010,minnesota_vikings,0.0,0.0,0.6039603960396039,11.100961538461538,4.447488584474886,0.0,1.1529680365296804,0.0
282,minnesota_vikings_2011,760,19,1,33,6,7.0,16.0,15.0,33.0,17,17,2011,minnesota_vikings,0.0,0.0,0.5423728813559322,11.30901287553648,5.24228028503563,0.0,0.8408551068883611,0.0
283,minnesota_vikings_2012,740,29,0,48,7,10.0,18.0,12.0,32.0,17,16,2012,minnesota_vikings,0.9210526315789473,1.0,0.6211180124223602,9.762081784386616,5.419753086419753,1.0,0.9938271604938271,0.0
284,minnesota_vikings_2013,978,26,0,52,10,13.0,18.0,18.0,43.0,17,23,2013,minnesota_vikings,0.8666666666666667,0.9772727272727273,0.6186612576064908,10.537906137184116,4.919621749408983,0.0,1.16548463356974,0.0
285,minnesota_vikings_2014,907,26,0,62,13,2.0,17.0,18.0,51.0,17,12,2014,minnesota_vikings,0.7428571428571429,1.0,0.6228239845261122,11.074534161490684,4.368038740920097,2.0,1.25181598062954,0.0
286,minnesota_vikings_2015,974,30,0,65,13,8.0,14.0,9.0,45.0,14,18,2015,minnesota_vikings,0.8717948717948718,0.8918918918918919,0.6475770925110133,11.040816326530612,4.6645569620253164,1.0,0.9578059071729957,0.0
287,minnesota_vikings_2016,964,28,1,59,14,10.0,20.0,5.0,38.0,20,9,2016,minnesota_vikings,0.8709677419354839,0.7878787878787878,0.7040816326530612,9.94927536231884,3.1710526315789473,2.0,1.5473684210526315,0.0
288,new_england_patriots_2001,472,17,0,29,6,8.0,19.0,13.0,41.0,11,3,2001,new_england_patriots,0.8,0.9761904761904762,0.6394230769230769,10.50625,3.1,1.0,2.447058823529412,0.0
289,new_england_patriots_2002,583,13,0,17,7,6.0,28.0,14.0,31.0,17,3,2002,new_england_patriots,0.9,1.0,0.6181818181818182,10.9375,3.708029197080292,0.0,4.416058394160584,1.0
290,new_england_patriots_2003,788,27,0,52,14,10.0,23.0,13.0,32.0,12,1,2003,new_england_patriots,0.7352941176470589,0.9736842105263158,0.5970149253731343,11.012121212121212,3.1897233201581026,2.0,2.1185770750988144,0.0
291,new_england_patriots_2004,721,21,0,35,8,11.0,29.0,14.0,26.0,17,15,2004,new_england_patriots,0.9393939393939394,1.0,0.6041237113402061,13.023696682464456,4.151394422310757,0.0,0.9661354581673307,1.0
292,new_england_patriots_2005,562,11,0,27,6,9.0,28.0,15.0,28.0,14,16,2005,new_england_patriots,0.8,0.975609756097561,0.624113475177305,11.507537688442211,3.5,1.0,1.3689320388349515,1.0
293,new_england_patriots_2006,672,24,1,32,18,14.0,25.0,12.0,29.0,19,20,2006,new_england_patriots,0.7692307692307693,0.9772727272727273,0.618595825426945,11.33969465648855,3.925553319919517,3.0,1.0603621730382293,0.0
294,new_england_patriots_2007,677,19,0,52,16,4.0,50.0,9.0,21.0,22,14,2007,new_england_patriots,0.875,1.0,0.6871794871794872,10.588477366255145,4.072222222222222,0.0,1.625,0.0
295,new_england_patriots_2008,670,21,0,31,6,7.0,21.0,11.0,48.0,10,5,2008,new_england_patriots,0.9,1.0,0.6348314606741573,10.336,4.54228855721393,0.0,2.656716417910448,0.0
296,new_england_patriots_2009,500,9,0,22,4,7.0,28.0,13.0,18.0,15,17,2009,new_england_patriots,0.8387096774193549,1.0,0.6587837837837838,10.823321554770319,4.05449591280654,0.0,1.6130790190735695,0.0
297,new_england_patriots_2010,837,20,0,62,20,4.0,37.0,5.0,25.0,21,6,2010,new_england_patriots,0.7692307692307693,1.0,0.6528599605522682,11.7363184079602,4.311224489795919,0.0,2.586734693877551,0.0
298,new_england_patriots_2011,896,18,0,53,20,4.0,39.0,12.0,32.0,27,6,2011,new_england_patriots,0.8484848484848485,1.0,0.6568627450980392,13.357692307692307,3.703030303030303,0.0,3.709090909090909,0.0
299,new_england_patriots_2012,880,33,0,68,16,5.0,34.0,9.0,27.0,24,13,2012,new_england_patriots,0.8285714285714286,1.0,0.6271450858034321,12.565217391304348,3.9567099567099566,0.0,2.774891774891775,0.0
300,new_england_patriots_2013,956,31,0,72,16,5.0,25.0,11.0,40.0,21,12,2013,new_england_patriots,0.926829268292683,1.0,0.6050955414012739,11.301204819277109,4.424657534246576,0.0,2.1506849315068495,0.0
301,new_england_patriots_2014,963,38,0,59,15,4.0,34.0,9.0,26.0,33,6,2014,new_england_patriots,0.9459459459459459,1.0,0.6436781609195402,10.981382978723405,3.823529411764706,0.0,2.388235294117647,0.0
302,new_england_patriots_2015,986,36,0,85,12,7.0,36.0,7.0,38.0,36,14,2015,new_england_patriots,0.9166666666666666,1.0,0.6422893481717011,11.910891089108912,3.676630434782609,0.0,1.7092391304347827,1.0
303,new_england_patriots_2016,985,33,2,72,13,9.0,32.0,2.0,24.0,32,19,2016,new_england_patriots,0.84375,0.9387755102040817,0.6690909090909091,12.108695652173912,3.883817427385892,0.0,1.1410788381742738,0.0
304,new_orleans_saints_2001,594,27,0,29,13,2.0,1.0,0.0,0.0,6,1,2001,new_orleans_saints,0.8709677419354839,1.0,0.5,12.520408163265307,5.111111111111111,2.0,0.1111111111111111,0.0
305,new_orleans_saints_2002,566,11,0,48,17,8.0,0.0,0.0,1.0,10,14,2002,new_orleans_saints,0.8857142857142857,1.0,0.8,11.645669291338583,4.202247191011236,0.0,0.028089887640449437,0.0
306,new_orleans_saints_2003,379,6,1,41,10,6.0,0.0,0.0,0.0,5,9,2003,new_orleans_saints,0.7333333333333333,0.972972972972973,0.0,10.416058394160585,4.628647214854111,1.0,0.005305039787798408,0.0
307,new_orleans_saints_2004,397,4,0,17,3,6.0,0.0,0.0,0.0,2,9,2004,new_orleans_saints,0.8148148148148148,1.0,0.0,11.964285714285714,4.056338028169014,1.0,0.0,0.0
308,new_orleans_saints_2005,235,4,0,10,2,3.0,0.0,0.0,0.0,2,3,2005,new_orleans_saints,0.78125,1.0,0.0,10.304347826086957,3.3867924528301887,2.0,0.0,0.0
309,new_orleans_saints_2006,379,14,0,22,1,7.0,27.0,13.0,23.0,4,18,2006,new_orleans_saints,0.92,0.9787234042553191,0.6424870466321243,8.083333333333334,3.734065934065934,1.0,1.2725274725274724,0.0
310,new_orleans_saints_2007,418,11,0,32,6,9.0,28.0,18.0,16.0,8,8,2007,new_orleans_saints,0.5882352941176471,1.0,0.6748466257668712,8.702830188679245,3.63003663003663,1.0,2.3882783882783882,0.0
311,new_orleans_saints_2008,654,14,0,69,11,4.0,34.0,17.0,13.0,11,19,2008,new_orleans_saints,1.0,1.0,0.6503937007874016,8.666666666666666,3.890909090909091,0.0,1.6493506493506493,0.0
312,new_orleans_saints_2009,679,11,0,60,22,12.0,34.0,11.0,20.0,9,21,2009,new_orleans_saints,0.7857142857142857,0.9523809523809523,0.7062256809338522,7.804054054054054,4.452538631346578,2.0,1.1346578366445916,0.0
313,new_orleans_saints_2010,610,19,0,41,5,5.0,33.0,22.0,26.0,9,7,2010,new_orleans_saints,0.8064516129032258,1.0,0.680786686838124,8.057142857142857,4.132616487455197,0.0,2.369175627240143,1.0
314,new_orleans_saints_2011,631,22,0,59,6,4.0,46.0,14.0,24.0,20,14,2011,new_orleans_saints,0.8235294117647058,1.0,0.7129909365558912,9.9921875,4.966824644549763,0.0,1.5687203791469195,0.0
315,new_orleans_saints_2012,691,17,0,65,12,2.0,43.0,19.0,26.0,21,10,2012,new_orleans_saints,0.8181818181818182,1.0,0.6304023845007451,9.784140969162996,4.247282608695652,0.0,1.8233695652173914,0.0
316,new_orleans_saints_2013,586,18,0,42,6,6.0,39.0,12.0,37.0,30,9,2013,new_orleans_saints,0.7333333333333333,1.0,0.685099846390169,11.131578947368421,3.820855614973262,1.0,1.7406417112299466,0.0
317,new_orleans_saints_2014,646,21,2,41,9,11.0,33.0,17.0,29.0,27,16,2014,new_orleans_saints,0.0,0.0,0.6919575113808801,10.124668435013263,4.345771144278607,0.0,1.6393034825870647,0.0
318,new_orleans_saints_2015,782,19,0,53,7,8.0,32.0,12.0,32.0,28,16,2015,new_orleans_saints,0.6923076923076923,0.9705882352941176,0.6896551724137931,11.340632603406325,3.76010101010101,2.0,1.6843434343434343,0.0
319,new_orleans_saints_2016,957,28,1,66,9,9.0,38.0,15.0,27.0,38,17,2016,new_orleans_saints,0.8235294117647058,0.98,0.7002967359050445,11.139830508474576,4.311881188118812,3.0,1.6683168316831682,0.0
320,new_york_giants_2001,588,15,0,49,10,5.0,0.0,0.0,0.0,8,11,2001,new_york_giants,0.8214285714285714,0.9666666666666667,0.0,10.948571428571428,4.381962864721485,1.0,0.0,0.0
321,new_york_giants_2002,444,5,0,33,6,7.0,0.0,0.0,0.0,10,14,2002,new_york_giants,0.8125,0.9375,0.75,11.840425531914894,4.267734553775743,1.0,0.009153318077803204,0.0
322,new_york_giants_2003,515,7,0,27,6,8.0,3.0,4.0,16.0,6,5,2003,new_york_giants,0.7333333333333333,1.0,0.5172413793103449,10.979591836734693,4.09375,1.0,0.32954545454545453,0.0
323,new_york_giants_2004,732,26,0,45,9,9.0,12.0,13.0,52.0,4,15,2004,new_york_giants,0.7857142857142857,1.0,0.5663157894736842,12.732394366197184,4.471177944862156,2.0,1.1904761904761905,0.0
324,new_york_giants_2005,589,6,0,53,10,4.0,24.0,17.0,28.0,9,17,2005,new_york_giants,0.8333333333333334,1.0,0.5268817204301075,10.870503597122303,4.721627408993576,1.0,1.1948608137044967,0.0
325,new_york_giants_2006,614,21,1,45,11,6.0,24.0,18.0,25.0,5,14,2006,new_york_giants,0.8518518518518519,1.0,0.5755258126195029,9.779411764705882,4.706401766004415,0.0,1.1545253863134657,0.0
326,new_york_giants_2007,432,14,0,34,6,12.0,23.0,20.0,27.0,6,8,2007,new_york_giants,0.0,0.0,0.5614366729678639,10.008771929824562,4.719101123595506,0.0,1.4859550561797752,0.0
327,new_york_giants_2008,514,22,1,47,9,3.0,23.0,10.0,28.0,6,18,2008,new_york_giants,0.9210526315789473,1.0,0.6069246435845214,10.457142857142857,4.9467592592592595,2.0,1.1365740740740742,1.0
328,new_york_giants_2009,536,18,0,51,12,12.0,28.0,14.0,32.0,13,7,2009,new_york_giants,0.0,0.0,0.6236162361623616,13.70748299319728,3.738351254480287,0.0,1.9426523297491038,0.0
329,new_york_giants_2010,527,12,0,54,10,8.0,31.0,25.0,16.0,23,9,2010,new_york_giants,0.0,0.0,0.6289424860853432,12.903061224489797,4.84,0.0,2.695,0.0
330,new_york_giants_2011,541,24,2,47,12,6.0,29.0,16.0,28.0,26,8,2011,new_york_giants,0.0,0.0,0.6095076400679117,14.83108108108108,3.2,0.0,2.4541666666666666,0.0
331,new_york_giants_2012,501,22,0,30,6,1.0,26.0,15.0,20.0,21,0,2012,new_york_giants,0.0,0.0,0.5992578849721707,12.826086956521738,1.4,0.0,17.966666666666665,1.0
332,new_york_giants_2013,688,19,0,49,6,7.0,18.0,29.0,40.0,17,5,2013,new_york_giants,0.0,0.0,0.5731922398589065,13.366412213740459,3.9411764705882355,0.0,5.5588235294117645,0.0
333,new_york_giants_2014,658,29,0,53,12,14.0,30.0,14.0,30.0,28,13,2014,new_york_giants,0.0,0.0,0.6309719934102141,11.833795013850416,3.5,0.0,1.4733009708737863,0.0
334,new_york_giants_2015,908,20,1,70,10,7.0,36.0,14.0,27.0,36,5,2015,new_york_giants,0.0,0.0,0.6292134831460674,11.543589743589743,3.9925558312655087,0.0,1.5459057071960298,0.0
335,new_york_giants_2016,1083,33,0,101,17,11.0,26.0,16.0,22.0,26,6,2016,new_york_giants,1.0,0.8461538461538461,0.6304347826086957,10.681697612732096,3.5477386934673367,0.0,1.5025125628140703,0.0
336,new_york_jets_2001,569,13,0,25,8,6.0,17.0,14.0,19.0,9,10,2001,new_york_jets,0.7741935483870968,1.0,0.5865800865800865,8.93157894736842,4.2225063938618925,1.0,1.1815856777493605,0.0
337,new_york_jets_2002,626,15,0,43,11,5.0,25.0,9.0,32.0,15,9,2002,new_york_jets,0.7741935483870968,0.9459459459459459,0.6797520661157025,8.954285714285714,4.016835016835016,6.0,1.6296296296296295,0.0
338,new_york_jets_2003,649,14,0,28,8,4.0,20.0,14.0,31.0,6,4,2003,new_york_jets,0.0,0.0,0.6303030303030303,8.952755905511811,3.909090909090909,0.0,1.40625,0.0
339,new_york_jets_2004,708,20,0,37,9,4.0,19.0,10.0,30.0,13,13,2004,new_york_jets,0.0,0.0,0.647196261682243,10.988304093567251,4.378823529411765,0.0,1.0070588235294118,0.0
340,new_york_jets_2005,732,13,0,32,17,11.0,4.0,9.0,21.0,3,7,2005,new_york_jets,0.0,0.0,0.5784313725490197,12.524271844660195,3.3588709677419355,0.0,0.8225806451612904,0.0
341,new_york_jets_2006,656,23,0,26,8,7.0,17.0,16.0,34.0,5,10,2006,new_york_jets,0.0,0.0,0.6427104722792608,10.4,3.5384615384615383,0.0,1.4984615384615385,0.0
342,new_york_jets_2007,678,16,0,46,11,4.0,15.0,19.0,53.0,4,5,2007,new_york_jets,0.0,0.0,0.6066536203522505,8.57843137254902,4.19327731092437,0.0,4.294117647058823,0.0
343,new_york_jets_2008,845,29,0,57,10,5.0,22.0,23.0,30.0,5,7,2008,new_york_jets,0.8571428571428571,1.0,0.6565464895635673,9.136,4.878260869565217,0.0,4.582608695652174,0.0
344,new_york_jets_2009,725,27,0,65,15,6.0,12.0,21.0,30.0,7,3,2009,new_york_jets,0.8333333333333334,1.0,0.5331632653061225,11.99074074074074,4.13103448275862,1.0,2.703448275862069,0.0
345,new_york_jets_2010,611,29,1,45,5,2.0,17.0,13.0,27.0,12,10,2010,new_york_jets,0.7692307692307693,1.0,0.5481335952848723,11.976047904191617,4.116279069767442,1.0,1.9728682170542635,0.0
346,new_york_jets_2011,563,26,1,48,13,10.0,26.0,18.0,40.0,9,7,2011,new_york_jets,0.76,1.0,0.5680147058823529,11.375,3.3230769230769233,0.0,4.184615384615385,0.0
347,new_york_jets_2012,756,19,0,34,7,14.0,13.0,18.0,36.0,9,4,2012,new_york_jets,0.7777777777777778,1.0,0.5476190476190477,12.235602094240837,3.447674418604651,3.0,2.686046511627907,0.0
348,new_york_jets_2013,801,14,0,30,7,5.0,13.0,22.0,47.0,9,12,2013,new_york_jets,0.9166666666666666,1.0,0.5546218487394958,10.923529411764706,4.409381663113006,0.0,1.0149253731343284,0.0
349,new_york_jets_2014,910,34,1,39,4,9.0,16.0,15.0,47.0,14,10,2014,new_york_jets,0.8205128205128205,1.0,0.5763052208835341,10.527881040892193,4.48,2.0,0.996,0.0
350,new_york_jets_2015,882,25,0,60,18,8.0,33.0,16.0,22.0,33,10,2015,new_york_jets,0.8181818181818182,0.9743589743589743,0.5993377483443708,11.924471299093655,4.433070866141732,0.0,1.5853018372703411,0.0
351,new_york_jets_2016,954,23,0,54,8,9.0,16.0,25.0,35.0,16,10,2016,new_york_jets,0.8709677419354839,0.9230769230769231,0.5654545454545454,11.821782178217822,4.349397590361446,3.0,1.3253012048192772,0.0
352,oakland_raiders_2001,477,16,0,29,10,11.0,27.0,9.0,27.0,14,8,2001,oakland_raiders,0.8125,0.9772727272727273,0.6575591985428051,10.218274111675127,3.745308310991957,1.0,1.4718498659517427,0.0
353,oakland_raiders_2002,454,16,0,30,7,7.0,26.0,10.0,36.0,13,12,2002,oakland_raiders,0.7878787878787878,1.0,0.6752827140549273,10.8,4.479108635097493,2.0,1.724233983286908,0.0
354,oakland_raiders_2003,483,7,0,12,3,6.0,6.0,6.0,19.0,4,7,2003,oakland_raiders,0.88,0.9655172413793104,0.5372549019607843,10.938356164383562,4.472140762463343,1.0,0.7478005865102639,0.0
355,oakland_raiders_2004,587,13,0,28,3,7.0,3.0,2.0,5.0,5,8,2004,oakland_raiders,0.8928571428571429,0.96875,0.6029411764705882,10.10828025477707,3.9615384615384617,1.0,0.26153846153846155,0.0
356,oakland_raiders_2005,520,15,0,43,3,2.0,0.0,0.0,0.0,6,0,2005,oakland_raiders,0.6666666666666666,1.0,0.0,13.279411764705882,5.0,1.0,0.0,0.0
357,oakland_raiders_2006,451,6,0,36,14,11.0,3.0,13.0,46.0,3,3,2006,oakland_raiders,0.72,1.0,0.532608695652174,10.04,3.572769953051643,0.0,1.295774647887324,0.0
358,oakland_raiders_2007,465,8,1,27,4,6.0,10.0,11.0,14.0,1,5,2007,oakland_raiders,0.71875,1.0,0.5858585858585859,8.395348837209303,4.434250764525994,1.0,0.6055045871559633,0.0
359,oakland_raiders_2008,520,23,1,47,11,3.0,0.0,3.0,6.0,5,5,2008,oakland_raiders,0.8,0.9615384615384616,0.4489795918367347,11.465116279069768,4.103244837758112,1.0,0.14454277286135694,0.0
360,oakland_raiders_2009,611,26,0,40,5,3.0,0.0,0.0,0.0,3,4,2009,oakland_raiders,0.896551724137931,1.0,0.0,10.381443298969073,3.6737288135593222,0.0,0.0,0.0
361,oakland_raiders_2010,532,24,1,36,6,7.0,13.0,8.0,33.0,10,11,2010,oakland_raiders,0.8048780487804879,1.0,0.5878787878787879,12.748251748251748,5.343653250773994,0.0,1.021671826625387,0.0
362,oakland_raiders_2011,546,27,1,47,10,6.0,20.0,20.0,22.0,10,7,2011,oakland_raiders,0.8857142857142857,1.0,0.6048387096774194,12.243386243386244,5.116402116402116,2.0,2.624338624338624,0.0
363,oakland_raiders_2012,739,19,0,38,8,10.0,24.0,16.0,27.0,16,4,2012,oakland_raiders,0.9117647058823529,1.0,0.5977742448330684,11.040816326530612,3.782857142857143,0.0,1.7971428571428572,0.0
364,oakland_raiders_2013,667,24,0,27,7,10.0,17.0,20.0,44.0,12,15,2013,oakland_raiders,0.7,1.0,0.5741811175337187,11.724696356275304,4.593103448275862,0.0,1.193103448275862,0.0
365,oakland_raiders_2014,573,15,0,34,2,8.0,22.0,14.0,25.0,14,4,2014,oakland_raiders,0.8636363636363636,1.0,0.5815831987075929,9.691304347826087,3.910652920962199,0.0,2.127147766323024,0.0
366,oakland_raiders_2015,828,21,2,77,9,10.0,34.0,14.0,33.0,33,7,2015,oakland_raiders,0.8076923076923077,0.9743589743589743,0.6165289256198347,11.15977961432507,4.036931818181818,1.0,1.71875,0.0
367,oakland_raiders_2016,918,13,0,73,16,7.0,29.0,7.0,18.0,28,17,2016,oakland_raiders,0.8285714285714286,0.9487179487179487,0.6359060402684564,10.941798941798941,4.428571428571429,1.0,1.3732718894009217,0.0
368,philadelphia_eagles_2001,553,11,0,76,9,2.0,2.0,2.0,1.0,21,0,2001,philadelphia_eagles,0.8387096774193549,0.9736842105263158,0.5357142857142857,11.344444444444445,3.9583333333333335,1.0,1.1666666666666667,0.0
369,philadelphia_eagles_2002,720,25,0,79,13,8.0,9.0,5.0,8.0,20,4,2002,philadelphia_eagles,0.8823529411764706,1.0,0.572972972972973,11.291866028708133,4.656050955414012,0.0,1.178343949044586,0.0
370,philadelphia_eagles_2003,639,20,0,46,10,3.0,0.0,0.0,0.0,11,7,2003,philadelphia_eagles,0.8275862068965517,1.0,0.6,11.502958579881657,5.282258064516129,1.0,0.04032258064516129,0.0
371,philadelphia_eagles_2004,463,22,0,39,7,3.0,0.0,2.0,3.0,25,7,2004,philadelphia_eagles,0.84375,0.9761904761904762,0.43902439024390244,12.418181818181818,4.207430340557275,1.0,0.12693498452012383,0.0
372,philadelphia_eagles_2005,566,24,0,43,5,4.0,0.0,3.0,4.0,13,4,2005,philadelphia_eagles,0.7586206896551724,1.0,0.5714285714285714,11.436274509803921,3.904,1.0,0.224,0.0
373,philadelphia_eagles_2006,530,28,0,52,10,9.0,13.0,3.0,7.0,11,7,2006,philadelphia_eagles,0.782608695652174,1.0,0.6271929824561403,11.60126582278481,4.833333333333333,0.0,0.8260869565217391,0.0
374,philadelphia_eagles_2007,545,16,0,30,3,4.0,5.0,8.0,5.0,11,7,2007,philadelphia_eagles,0.75,1.0,0.5673076923076923,9.838709677419354,4.6825938566552905,0.0,0.35494880546075086,0.0
375,philadelphia_eagles_2008,501,27,0,58,8,4.0,0.0,5.0,0.0,12,10,2008,philadelphia_eagles,0.825,1.0,0.4857142857142857,11.650246305418719,3.8780487804878048,3.0,0.12195121951219512,0.0
376,philadelphia_eagles_2009,506,17,0,38,12,6.0,5.0,3.0,3.0,24,11,2009,philadelphia_eagles,0.8648648648648649,0.9555555555555556,0.6181818181818182,12.854545454545455,4.398791540785498,3.0,0.3323262839879154,0.0
377,philadelphia_eagles_2010,595,26,0,60,18,11.0,28.0,13.0,49.0,25,18,2010,philadelphia_eagles,0.8421052631578947,1.0,0.6203208556149733,12.259649122807017,5.545454545454546,1.0,1.3783783783783783,0.0
378,philadelphia_eagles_2011,754,18,0,60,15,10.0,22.0,25.0,32.0,19,19,2011,philadelphia_eagles,0.0,0.0,0.596745027124774,12.581673306772908,5.245098039215686,0.0,1.3553921568627452,0.0
379,philadelphia_eagles_2012,724,26,0,68,7,18.0,18.0,15.0,48.0,15,5,2012,philadelphia_eagles,0.0,0.0,0.5938511326860841,11.365313653136532,4.410958904109589,0.0,2.1164383561643834,0.0
380,philadelphia_eagles_2013,819,32,2,76,14,8.0,32.0,9.0,46.0,22,14,2013,philadelphia_eagles,0.0,0.0,0.611439842209073,13.990521327014218,5.179611650485437,0.0,1.2305825242718447,0.0
381,philadelphia_eagles_2014,897,33,0,69,9,13.0,27.0,21.0,32.0,24,12,2014,philadelphia_eagles,0.8888888888888888,1.0,0.6183574879227053,12.199386503067485,4.252336448598131,0.0,1.4509345794392523,0.0
382,philadelphia_eagles_2015,955,35,1,70,14,13.0,23.0,18.0,37.0,20,15,2015,philadelphia_eagles,0.8076923076923077,0.9545454545454546,0.6500802568218299,10.215633423180593,3.9434389140271495,0.0,1.409502262443439,0.0
383,philadelphia_eagles_2016,903,30,0,77,16,6.0,16.0,14.0,33.0,16,16,2016,philadelphia_eagles,0.8536585365853658,0.967741935483871,0.6239737274220033,9.994736842105263,4.139269406392694,1.0,1.3904109589041096,0.0
384,pittsburgh_steelers_2001,566,21,0,55,11,4.0,1.0,1.0,2.0,7,3,2001,pittsburgh_steelers,0.0,0.0,0.7,12.326666666666666,5.317757009345795,0.0,0.09345794392523364,0.0
385,pittsburgh_steelers_2002,691,34,0,53,11,9.0,20.0,16.0,27.0,16,4,2002,pittsburgh_steelers,0.725,0.9459459459459459,0.625974025974026,10.611607142857142,4.448559670781893,3.0,1.5843621399176955,0.0
386,pittsburgh_steelers_2003,684,24,0,40,11,5.0,18.0,17.0,42.0,12,2,2003,pittsburgh_steelers,0.71875,0.96875,0.5743879472693032,10.826086956521738,3.441860465116279,0.0,3.0872093023255816,0.0
387,pittsburgh_steelers_2004,401,15,0,27,7,6.0,19.0,13.0,36.0,9,2,2004,pittsburgh_steelers,0.8484848484848485,1.0,0.6376404494382022,12.95774647887324,3.607142857142857,0.0,3.1785714285714284,0.0
388,pittsburgh_steelers_2005,589,26,1,46,3,7.0,21.0,14.0,32.0,13,8,2005,pittsburgh_steelers,0.8275862068965517,1.0,0.6015831134564644,14.352459016393443,4.40625,2.0,1.184375,0.0
389,pittsburgh_steelers_2006,583,23,0,34,6,9.0,23.0,23.0,49.0,10,16,2006,pittsburgh_steelers,0.7407407407407407,1.0,0.5957854406130269,11.655737704918034,4.20627802690583,2.0,1.1704035874439462,1.0
390,pittsburgh_steelers_2007,681,26,0,43,6,8.0,34.0,14.0,47.0,9,9,2007,pittsburgh_steelers,0.92,1.0,0.6380090497737556,9.2421875,4.224242424242425,0.0,0.8929292929292929,0.0
391,pittsburgh_steelers_2008,689,16,1,44,7,7.0,19.0,15.0,49.0,7,8,2008,pittsburgh_steelers,0.8709677419354839,0.972972972972973,0.598019801980198,11.89010989010989,3.585551330798479,0.0,1.920152091254753,0.0
392,pittsburgh_steelers_2009,712,21,0,43,5,6.0,26.0,12.0,50.0,13,2,2009,pittsburgh_steelers,0.8709677419354839,1.0,0.6653543307086615,14.056338028169014,3.682758620689655,0.0,3.503448275862069,1.0
393,pittsburgh_steelers_2010,659,23,0,54,8,5.0,22.0,8.0,38.0,19,2,2010,pittsburgh_steelers,0.6818181818181818,1.0,0.6174496644295302,14.777777777777779,4.92,0.0,4.47,0.0
394,pittsburgh_steelers_2011,547,20,0,44,5,9.0,21.0,15.0,42.0,16,3,2011,pittsburgh_steelers,0.0,0.0,0.6326530612244898,13.037037037037036,4.134615384615385,0.0,3.4551282051282053,0.0
395,pittsburgh_steelers_2012,553,26,0,30,4,12.0,27.0,14.0,37.0,15,6,2012,pittsburgh_steelers,0.0,0.0,0.6167247386759582,11.896995708154506,3.593137254901961,0.0,2.8137254901960786,0.0
396,pittsburgh_steelers_2013,655,19,0,41,4,8.0,28.0,14.0,43.0,15,9,2013,pittsburgh_steelers,0.0,0.0,0.643344709897611,11.721115537848606,3.4602076124567476,0.0,2.027681660899654,0.0
397,pittsburgh_steelers_2014,791,24,0,40,8,9.0,33.0,10.0,33.0,27,10,2014,pittsburgh_steelers,0.0,0.0,0.6715686274509803,12.581168831168831,4.170316301703163,0.0,1.489051094890511,0.0
398,pittsburgh_steelers_2015,1030,45,0,81,17,6.0,26.0,21.0,33.0,24,16,2015,pittsburgh_steelers,0.8333333333333334,0.9411764705882353,0.6627118644067796,12.990853658536585,4.449612403100775,0.0,1.524547803617571,0.0
399,pittsburgh_steelers_2016,994,35,0,80,13,3.0,33.0,15.0,21.0,33,13,2016,pittsburgh_steelers,0.8571428571428571,1.0,0.639261744966443,11.488188976377952,4.30317848410758,1.0,1.4572127139364304,0.0
400,san_diego_chargers_2001,570,22,0,30,7,8.0,16.0,18.0,27.0,0,11,2001,san_diego_chargers,0.6976744186046512,1.0,0.5638686131386861,8.0,3.660377358490566,0.0,1.2924528301886793,0.0
401,san_diego_chargers_2002,662,26,0,37,9,5.0,17.0,16.0,24.0,7,16,2002,san_diego_chargers,0.6923076923076923,0.9722222222222222,0.6022304832713755,9.215384615384615,4.438202247191011,4.0,1.208988764044944,0.0
402,san_diego_chargers_2003,740,21,0,32,11,9.0,21.0,19.0,29.0,14,16,2003,san_diego_chargers,0.75,1.0,0.566793893129771,10.107981220657276,5.022443890274314,2.0,1.3067331670822944,0.0
403,san_diego_chargers_2004,839,15,0,67,19,9.0,29.0,7.0,21.0,27,24,2004,san_diego_chargers,0.8,0.9818181818181818,0.6414253897550112,12.223826714801444,4.045908183632735,1.0,0.8962075848303394,0.0
404,san_diego_chargers_2005,778,32,0,65,6,12.0,27.0,16.0,31.0,27,19,2005,san_diego_chargers,0.875,1.0,0.6425855513307985,11.059171597633137,4.257352941176471,1.0,1.2892156862745099,0.0
405,san_diego_chargers_2006,664,22,0,50,14,5.0,24.0,9.0,28.0,24,29,2006,san_diego_chargers,0.896551724137931,1.0,0.6172043010752688,11.848591549295774,4.715261958997722,0.0,1.0592255125284737,0.0
406,san_diego_chargers_2007,510,18,0,49,12,7.0,22.0,16.0,24.0,22,18,2007,san_diego_chargers,0.8888888888888888,1.0,0.5966029723991507,11.4043321299639,4.161835748792271,1.0,1.1376811594202898,0.0
407,san_diego_chargers_2008,633,15,0,48,7,8.0,34.0,11.0,25.0,33,12,2008,san_diego_chargers,0.84375,1.0,0.6527196652719666,13.06,4.057213930348259,1.0,1.1890547263681592,0.0
408,san_diego_chargers_2009,549,19,0,36,8,6.0,29.0,10.0,26.0,28,17,2009,san_diego_chargers,0.9142857142857143,0.9803921568627451,0.651252408477842,13.758620689655173,3.352480417754569,1.0,1.3550913838120104,0.0
409,san_diego_chargers_2010,611,23,0,51,10,15.0,30.0,13.0,38.0,26,18,2010,san_diego_chargers,0.8214285714285714,1.0,0.6605166051660517,13.333333333333334,4.053613053613054,1.0,1.2634032634032635,0.0
410,san_diego_chargers_2011,758,20,0,57,15,8.0,27.0,20.0,30.0,23,15,2011,san_diego_chargers,0.7941176470588235,0.9761904761904762,0.6288659793814433,13.387453874538746,4.425925925925926,1.0,1.5396825396825398,0.0
411,san_diego_chargers_2012,763,35,1,55,9,10.0,26.0,15.0,49.0,21,4,2012,san_diego_chargers,0.9259259259259259,1.0,0.6401515151515151,11.969026548672566,3.504823151125402,0.0,1.697749196141479,0.0
412,san_diego_chargers_2013,915,30,0,60,10,10.0,32.0,11.0,30.0,31,8,2013,san_diego_chargers,0.918918918918919,1.0,0.6948529411764706,12.116207951070336,4.2004716981132075,2.0,1.2830188679245282,0.0
413,san_diego_chargers_2014,955,23,0,52,7,5.0,31.0,18.0,37.0,31,6,2014,san_diego_chargers,0.8461538461538461,1.0,0.662020905923345,11.659942363112393,3.62876254180602,1.0,1.919732441471572,0.0
414,san_diego_chargers_2015,862,19,0,54,8,10.0,30.0,13.0,40.0,30,3,2015,san_diego_chargers,0.8125,0.875,0.6626686656671664,11.124694376528117,3.3513513513513513,1.0,2.003003003003003,0.0
415,san_diego_chargers_2016,952,24,0,84,18,13.0,33.0,21.0,36.0,33,10,2016,san_diego_chargers,0.8125,0.9130434782608695,0.6017241379310345,12.576368876080691,3.7939698492462313,4.0,1.4572864321608041,0.0
416,san_francisco_49ers_2001,501,20,0,28,6,6.0,32.0,12.0,26.0,22,11,2001,san_francisco_49ers,0.0,0.0,0.6284584980237155,12.081967213114755,3.9484126984126986,0.0,2.007936507936508,0.0
417,san_francisco_49ers_2002,511,14,0,33,9,3.0,23.0,10.0,22.0,15,8,2002,san_francisco_49ers,0.6666666666666666,1.0,0.6199649737302977,11.098837209302326,4.6171875,0.0,2.23046875,0.0
418,san_francisco_49ers_2003,549,28,1,42,13,7.0,25.0,15.0,28.0,13,13,2003,san_francisco_49ers,0.8181818181818182,0.9354838709677419,0.5843137254901961,12.089887640449438,4.788194444444445,1.0,1.7708333333333333,0.0
419,san_francisco_49ers_2004,539,18,0,27,7,11.0,10.0,12.0,39.0,2,7,2004,san_francisco_49ers,0.8181818181818182,1.0,0.6029850746268657,8.857142857142858,3.4,0.0,1.1355932203389831,0.0
420,san_francisco_49ers_2005,609,19,0,39,10,12.0,6.0,19.0,42.0,3,6,2005,san_francisco_49ers,0.9285714285714286,1.0,0.5217391304347826,9.631067961165048,3.7554945054945055,0.0,0.8214285714285714,0.0
421,san_francisco_49ers_2006,506,10,0,27,10,14.0,16.0,16.0,35.0,12,10,2006,san_francisco_49ers,0.8285714285714286,1.0,0.5801354401805869,10.22279792746114,5.306451612903226,1.0,1.1908602150537635,0.0
422,san_francisco_49ers_2007,450,14,1,26,6,15.0,15.0,17.0,55.0,15,7,2007,san_francisco_49ers,0.8947368421052632,1.0,0.5341130604288499,10.161290322580646,3.996774193548387,0.0,1.6548387096774193,0.0
423,san_francisco_49ers_2008,382,12,0,25,3,14.0,21.0,19.0,55.0,9,9,2008,san_francisco_49ers,0.8787878787878788,1.0,0.6082677165354331,11.391061452513966,4.133689839572193,0.0,1.358288770053476,0.0
424,san_francisco_49ers_2009,344,17,0,16,6,9.0,23.0,14.0,40.0,18,11,2009,san_francisco_49ers,0.7916666666666666,1.0,0.5920303605313093,10.820754716981131,4.733812949640288,1.0,1.89568345323741,0.0
425,san_francisco_49ers_2010,407,16,0,16,2,6.0,14.0,11.0,26.0,17,9,2010,san_francisco_49ers,0.8148148148148148,1.0,0.5887323943661972,12.413793103448276,4.039893617021277,1.0,0.9441489361702128,0.0
426,san_francisco_49ers_2011,447,12,1,40,10,5.0,18.0,5.0,44.0,13,12,2011,san_francisco_49ers,0.8461538461538461,1.0,0.614190687361419,11.393364928909953,4.028947368421052,3.0,1.186842105263158,0.0
427,san_francisco_49ers_2012,520,11,0,32,7,7.0,23.0,8.0,40.0,19,15,2012,san_francisco_49ers,0.6904761904761905,1.0,0.6628440366972477,12.216814159292035,5.0632603406326036,3.0,1.0608272506082725,0.0
428,san_francisco_49ers_2013,632,24,1,59,15,9.0,21.0,8.0,39.0,21,15,2013,san_francisco_49ers,0.8888888888888888,1.0,0.5851318944844125,13.89655172413793,4.3117505995203835,0.0,1.0,0.0
429,san_francisco_49ers_2014,573,25,0,60,16,11.0,20.0,10.0,52.0,17,10,2014,san_francisco_49ers,0.8064516129032258,1.0,0.5995893223819302,11.334630350194553,4.700218818380744,1.0,1.0656455142231946,0.0
430,san_francisco_49ers_2015,997,25,0,57,9,4.0,16.0,12.0,53.0,15,6,2015,san_francisco_49ers,0.8888888888888888,0.9523809523809523,0.6121673003802282,11.496575342465754,4.102564102564102,3.0,1.4985754985754987,0.0
431,san_francisco_49ers_2016,1073,29,0,73,10,14.0,21.0,10.0,47.0,21,15,2016,san_francisco_49ers,0.8571428571428571,0.9705882352941176,0.5845213849287169,11.063157894736841,4.408296943231441,0.0,1.0720524017467248,0.0
432,seattle_seahawks_2001,473,8,0,13,6,7.0,14.0,12.0,48.0,11,15,2001,seattle_seahawks,0.625,1.0,0.5595505617977528,12.022222222222222,4.170114942528736,0.0,1.0229885057471264,0.0
433,seattle_seahawks_2002,523,12,0,29,7,11.0,19.0,16.0,33.0,7,17,2002,seattle_seahawks,0.7931034482758621,1.0,0.6149914821124361,11.183333333333334,3.915531335149864,0.0,1.5994550408719346,0.0
434,seattle_seahawks_2003,459,20,0,18,7,8.0,27.0,16.0,43.0,18,16,2003,seattle_seahawks,0.0,0.0,0.6084452975047985,12.95808383233533,4.2272727272727275,0.0,1.393048128342246,0.0
435,seattle_seahawks_2004,434,12,0,10,4,7.0,23.0,18.0,34.0,17,17,2004,seattle_seahawks,0.0,0.0,0.5714285714285714,13.116402116402117,4.576059850374065,0.0,1.3266832917705735,0.0
436,seattle_seahawks_2005,585,18,0,27,6,6.0,25.0,10.0,27.0,10,28,2005,seattle_seahawks,0.0,0.0,0.6476793248945147,12.055555555555555,4.851508120649652,0.0,1.099767981438515,0.0
437,seattle_seahawks_2006,654,21,0,28,8,8.0,26.0,22.0,48.0,15,7,2006,seattle_seahawks,0.0,0.0,0.5703125,13.206896551724139,3.986013986013986,0.0,1.7902097902097902,0.0
438,seattle_seahawks_2007,551,21,1,40,9,7.0,30.0,13.0,36.0,11,5,2007,seattle_seahawks,0.0,0.0,0.6288135593220339,10.984924623115578,3.408450704225352,0.0,2.0774647887323945,0.0
439,seattle_seahawks_2008,564,26,0,29,2,4.0,16.0,13.0,33.0,7,0,2008,seattle_seahawks,0.8888888888888888,1.0,0.5543237250554324,10.742857142857142,4.806451612903226,0.0,7.274193548387097,0.0
440,seattle_seahawks_2009,457,18,0,21,2,8.0,20.0,19.0,41.0,9,5,2009,seattle_seahawks,0.9230769230769231,1.0,0.6108374384236454,9.417391304347825,4.270142180094787,0.0,2.8862559241706163,0.0
441,seattle_seahawks_2010,467,6,1,52,9,10.0,12.0,17.0,30.0,7,12,2010,seattle_seahawks,0.8333333333333334,1.0,0.5990990990990991,11.06832298136646,3.7514792899408285,0.0,1.3136094674556213,0.0
442,seattle_seahawks_2011,572,10,1,46,10,7.0,14.0,13.0,42.0,12,15,2011,seattle_seahawks,0.8333333333333334,1.0,0.6004415011037527,11.472222222222221,4.002309468822171,2.0,1.046189376443418,0.0
443,seattle_seahawks_2012,737,20,0,58,15,7.0,27.0,10.0,33.0,19,16,2012,seattle_seahawks,0.8888888888888888,0.9583333333333334,0.6395061728395062,12.777777777777779,4.82824427480916,3.0,0.7729007633587787,0.0
444,seattle_seahawks_2013,897,34,1,78,27,10.0,27.0,9.0,44.0,22,14,2013,seattle_seahawks,0.9428571428571428,1.0,0.6357142857142857,13.268722466960352,4.319526627218935,1.0,0.8284023668639053,0.0
445,seattle_seahawks_2014,844,30,1,63,13,6.0,20.0,7.0,42.0,17,20,2014,seattle_seahawks,0.8378378378378378,1.0,0.6321585903083701,11.8359375,5.281070745697897,2.0,0.8680688336520076,1.0
446,seattle_seahawks_2015,884,25,0,71,14,8.0,34.0,8.0,46.0,32,9,2015,seattle_seahawks,0.9354838709677419,0.9090909090909091,0.6809815950920245,12.173913043478262,4.623157894736842,3.0,1.0294736842105263,0.0
447,seattle_seahawks_2016,1038,21,0,69,11,6.0,23.0,12.0,42.0,23,13,2016,seattle_seahawks,0.8918918918918919,0.8285714285714286,0.6490299823633157,12.057377049180328,3.9565217391304346,6.0,1.4501278772378516,0.0
448,st_louis_rams_2001,476,18,0,16,4,16.0,37.0,22.0,40.0,13,18,2001,st_louis_rams,0.0,0.0,0.6878402903811253,9.242857142857142,4.971576227390181,0.0,1.4237726098191215,0.0
449,st_louis_rams_2002,497,16,0,20,4,12.0,10.0,21.0,31.0,7,9,2002,st_louis_rams,0.0,0.0,0.6457831325301204,7.921428571428572,4.158064516129032,0.0,1.3387096774193548,0.0
450,st_louis_rams_2003,548,20,0,36,10,6.0,1.0,1.0,6.0,3,15,2003,st_louis_rams,0.0,0.0,0.5846153846153846,7.091836734693878,3.745945945945946,0.0,0.17567567567567569,0.0
451,st_louis_rams_2004,680,31,0,29,1,4.0,2.0,8.0,9.0,2,8,2004,st_louis_rams,0.0,0.0,0.5543478260869565,7.959595959595959,4.30028328611898,0.0,0.26062322946175637,0.0
452,st_louis_rams_2005,758,30,0,37,5,8.0,9.0,15.0,20.0,4,12,2005,st_louis_rams,0.0,0.0,0.6410256410256411,7.528301886792453,4.087431693989071,0.0,0.8524590163934426,0.0
453,st_louis_rams_2006,546,14,0,23,9,3.0,0.0,0.0,0.0,5,13,2006,st_louis_rams,0.0,0.0,0.0,9.570422535211268,4.3291457286432165,0.0,0.0,0.0
454,st_louis_rams_2007,595,17,1,37,13,3.0,1.0,0.0,0.0,2,5,2007,st_louis_rams,0.0,0.0,1.0,7.333333333333333,3.9836065573770494,0.0,0.00273224043715847,0.0
455,st_louis_rams_2008,617,23,0,31,9,5.0,0.0,0.0,0.0,1,7,2008,st_louis_rams,0.0,0.0,0.0,9.131578947368421,4.026881720430108,0.0,0.005376344086021506,0.0
456,st_louis_rams_2009,641,20,0,36,3,6.0,3.0,9.0,13.0,5,4,2009,st_louis_rams,0.0,0.0,0.6134453781512605,8.44041450777202,4.290155440414508,0.0,0.3082901554404145,0.0
457,st_louis_rams_2010,708,27,1,60,9,5.0,18.0,15.0,34.0,14,9,2010,st_louis_rams,0.0,0.0,0.6,9.603389830508474,3.764127764127764,0.0,1.4496314496314497,0.0
458,st_louis_rams_2011,642,23,1,47,7,11.0,9.0,10.0,55.0,4,6,2011,st_louis_rams,0.0,0.0,0.5347985347985348,11.122222222222222,4.063291139240507,0.0,1.7278481012658229,0.0
459,st_louis_rams_2012,432,20,0,41,9,5.0,22.0,14.0,35.0,19,5,2012,st_louis_rams,0.7419354838709677,1.0,0.5960502692998204,10.79182156133829,4.151133501259446,0.0,1.4030226700251889,0.0
460,st_louis_rams_2013,714,29,1,63,10,8.0,22.0,11.0,36.0,21,2,2013,st_louis_rams,0.9285714285714286,1.0,0.5948616600790514,11.04245283018868,4.371951219512195,0.0,3.0853658536585367,0.0
461,st_louis_rams_2014,819,27,0,61,13,6.0,20.0,16.0,47.0,17,6,2014,st_louis_rams,0.8,0.9714285714285714,0.6349514563106796,11.115079365079366,4.057971014492754,1.0,3.7318840579710146,0.0
462,st_louis_rams_2015,973,28,0,70,12,8.0,11.0,11.0,18.0,10,15,2015,st_louis_rams,0.6666666666666666,0.9285714285714286,0.5771670190274841,10.96694214876033,4.905982905982906,4.0,1.3475783475783476,0.0
463,tampa_bay_buccaneers_2001,505,15,0,45,21,5.0,13.0,12.0,47.0,2,13,2001,tampa_bay_buccaneers,0.0,0.0,0.611864406779661,10.83125,3.811659192825112,0.0,2.6457399103139014,0.0
464,tampa_bay_buccaneers_2002,559,14,0,47,18,9.0,23.0,9.0,41.0,15,6,2002,tampa_bay_buccaneers,0.0,0.0,0.6148409893992933,10.574074074074074,3.657068062827225,0.0,1.4816753926701571,0.0
465,tampa_bay_buccaneers_2003,613,11,0,27,9,6.0,27.0,22.0,23.0,21,2,2003,tampa_bay_buccaneers,0.0,0.0,0.6233108108108109,11.507042253521126,3.6530612244897958,0.0,2.416326530612245,1.0
466,tampa_bay_buccaneers_2004,594,11,0,45,11,10.0,3.0,3.0,8.0,12,9,2004,tampa_bay_buccaneers,0.8,1.0,0.6310679611650486,10.291428571428572,4.052631578947368,0.0,0.3188854489164087,0.0
467,tampa_bay_buccaneers_2005,602,8,1,43,14,0.0,0.0,0.0,0.0,12,7,2005,tampa_bay_buccaneers,0.8148148148148148,1.0,0.0,12.00625,4.90566037735849,1.0,0.0,0.0
468,tampa_bay_buccaneers_2006,574,6,0,32,5,3.0,4.0,2.0,4.0,8,4,2006,tampa_bay_buccaneers,0.7727272727272727,0.9565217391304348,0.6039603960396039,11.27450980392157,3.689655172413793,1.0,0.8706896551724138,0.0
469,tampa_bay_buccaneers_2007,353,13,0,32,8,6.0,18.0,7.0,34.0,8,1,2007,tampa_bay_buccaneers,0.8484848484848485,1.0,0.6502145922746781,13.11111111111111,4.483050847457627,0.0,3.9491525423728815,0.0
470,tampa_bay_buccaneers_2008,339,12,0,45,15,2.0,12.0,6.0,23.0,1,3,2008,tampa_bay_buccaneers,0.8421052631578947,0.9722222222222222,0.6472148541114059,8.560975609756097,3.933333333333333,1.0,8.377777777777778,0.0
471,tampa_bay_buccaneers_2009,348,6,0,36,10,1.0,8.0,11.0,13.0,2,1,2009,tampa_bay_buccaneers,0.7,1.0,0.51931330472103,7.04,3.937062937062937,0.0,1.6293706293706294,0.0
472,tampa_bay_buccaneers_2010,354,8,0,35,11,4.0,0.0,0.0,2.0,3,6,2010,tampa_bay_buccaneers,0.8214285714285714,1.0,0.875,13.0,5.132075471698113,2.0,0.07547169811320754,0.0
473,tampa_bay_buccaneers_2011,434,16,1,30,8,7.0,1.0,2.0,3.0,6,5,2011,tampa_bay_buccaneers,0.9285714285714286,1.0,0.5277777777777778,12.135135135135135,4.11520737327189,0.0,0.16589861751152074,0.0
474,tampa_bay_buccaneers_2012,714,23,0,59,13,3.0,0.0,0.0,0.0,12,13,2012,tampa_bay_buccaneers,0.8484848484848485,1.0,0.5714285714285714,14.043243243243243,4.503978779840849,1.0,0.01856763925729443,0.0
475,tampa_bay_buccaneers_2013,954,33,1,71,21,8.0,20.0,9.0,40.0,18,6,2013,tampa_bay_buccaneers,0.7931034482758621,1.0,0.5904761904761905,11.431451612903226,3.8645320197044337,0.0,1.0344827586206897,0.0
476,tampa_bay_buccaneers_2014,1013,31,0,61,14,12.0,21.0,20.0,52.0,18,7,2014,tampa_bay_buccaneers,0.0,0.0,0.5668549905838042,12.06439393939394,3.90625,0.0,1.5085227272727273,0.0
477,tampa_bay_buccaneers_2015,1027,30,0,62,11,12.0,22.0,15.0,27.0,22,12,2015,tampa_bay_buccaneers,0.8214285714285714,0.9615384615384616,0.5831775700934579,12.728476821192054,4.751648351648352,0.0,1.1758241758241759,0.0
478,tampa_bay_buccaneers_2016,944,36,0,87,17,9.0,29.0,18.0,35.0,29,8,2016,tampa_bay_buccaneers,0.7096774193548387,0.9411764705882353,0.6141868512110726,11.732394366197184,3.567328918322296,1.0,1.2759381898454747,0.0
479,tennessee_titans_2001,516,14,1,26,2,8.0,2.0,2.0,6.0,10,5,2001,tennessee_titans,0.7142857142857143,0.9714285714285714,0.5316455696202531,12.856164383561644,3.012461059190031,0.0,0.24610591900311526,0.0
480,tennessee_titans_2002,360,20,0,19,6,2.0,0.0,0.0,0.0,9,12,2002,tennessee_titans,0.8064516129032258,1.0,0.6,11.843537414965986,3.3908045977011496,0.0,0.014367816091954023,0.0
481,tennessee_titans_2003,403,23,0,16,4,2.0,6.0,2.0,6.0,22,6,2003,tennessee_titans,0.875,0.9767441860465116,0.6458333333333334,13.260089686098654,3.231003039513678,0.0,0.2917933130699088,0.0
482,tennessee_titans_2004,508,14,0,16,6,3.0,18.0,10.0,31.0,12,1,2004,tennessee_titans,0.75,1.0,0.6070460704607046,10.86896551724138,4.0476190476190474,3.0,17.571428571428573,0.0
483,tennessee_titans_2005,468,11,1,22,2,4.0,4.0,3.0,10.0,5,2,2005,tennessee_titans,0.0,0.0,0.5652173913043478,8.594202898550725,3.75,0.0,2.3958333333333335,0.0
484,tennessee_titans_2006,454,11,0,23,8,5.0,12.0,13.0,25.0,4,8,2006,tennessee_titans,0.0,0.0,0.5154061624649859,12.53191489361702,6.28421052631579,0.0,3.7578947368421054,0.0
485,tennessee_titans_2007,524,17,0,39,9,8.0,9.0,17.0,25.0,3,3,2007,tennessee_titans,0.0,0.0,0.6230366492146597,10.96923076923077,4.381443298969073,0.0,3.9381443298969074,0.0
486,tennessee_titans_2008,592,22,0,48,11,4.0,1.0,2.0,3.0,11,9,2008,tennessee_titans,0.0,0.0,0.6111111111111112,11.268817204301076,4.838129496402877,0.0,0.12949640287769784,0.0
487,tennessee_titans_2009,625,18,0,22,2,10.0,10.0,7.0,9.0,9,16,2009,tennessee_titans,0.0,0.0,0.5846153846153846,11.720430107526882,5.545023696682464,0.0,0.6161137440758294,0.0
488,tennessee_titans_2010,660,14,1,46,11,10.0,10.0,3.0,13.0,16,13,2010,tennessee_titans,0.0,0.0,0.5961538461538461,10.927461139896373,4.388324873096447,0.0,0.39593908629441626,0.0
489,tennessee_titans_2011,674,19,0,49,7,8.0,18.0,14.0,19.0,6,6,2011,tennessee_titans,0.0,0.0,0.6158301158301158,10.377906976744185,3.762295081967213,0.0,1.4153005464480874,0.0
490,tennessee_titans_2012,874,25,0,64,18,8.0,7.0,5.0,14.0,12,9,2012,tennessee_titans,0.0,0.0,0.6244343891402715,10.10047846889952,4.147590361445783,0.0,0.6656626506024096,0.0
491,tennessee_titans_2013,718,18,0,63,9,6.0,14.0,12.0,21.0,17,10,2013,tennessee_titans,0.0,0.0,0.62,10.675213675213675,4.0,0.0,0.9695290858725761,0.0
492,tennessee_titans_2014,792,28,0,53,11,5.0,0.0,0.0,0.0,17,3,2014,tennessee_titans,0.8636363636363636,1.0,0.3333333333333333,12.062240663900415,3.8093023255813954,0.0,0.013953488372093023,0.0
493,tennessee_titans_2015,934,35,0,57,10,13.0,20.0,10.0,41.0,23,5,2015,tennessee_titans,0.875,0.9354838709677419,0.625,11.698675496688741,4.8562874251497,1.0,2.2994011976047903,0.0
494,tennessee_titans_2016,896,28,0,76,12,7.0,29.0,11.0,28.0,28,16,2016,tennessee_titans,0.9166666666666666,0.9512195121951219,0.6091269841269841,12.124183006535947,4.582278481012659,1.0,1.0632911392405062,0.0
495,washington_redskins_2001,551,8,0,32,14,10.0,10.0,13.0,35.0,13,10,2001,washington_redskins,0.0,0.0,0.5364077669902912,11.814432989690722,4.050739957716702,0.0,0.8710359408033826,0.0
496,washington_redskins_2002,598,12,0,43,8,15.0,20.0,14.0,27.0,20,9,2002,washington_redskins,0.0,0.0,0.5182795698924731,11.624505928853756,4.101369863013699,0.0,1.273972602739726,0.0
497,washington_redskins_2003,593,15,1,35,9,11.0,21.0,16.0,43.0,14,6,2003,washington_redskins,0.7575757575757576,0.9629629629629629,0.5370018975332068,10.272151898734178,3.9893617021276597,2.0,1.8687943262411348,0.0
498,washington_redskins_2004,580,18,0,26,10,1.0,10.0,11.0,23.0,5,0,2004,washington_redskins,0.7037037037037037,1.0,0.6145454545454545,12.294736842105262,1.25,0.0,17.1875,0.0
499,washington_redskins_2005,551,21,0,43,9,2.0,1.0,1.0,4.0,7,3,2005,washington_redskins,0.8095238095238095,1.0,0.6,10.126984126984127,5.861111111111111,2.0,0.6944444444444444,0.0
500,washington_redskins_2006,689,15,1,34,3,2.0,11.0,6.0,7.0,6,0,2006,washington_redskins,0.6666666666666666,1.0,0.5333333333333333,9.893939393939394,4.85,0.0,3.5,0.0
501,washington_redskins_2007,556,11,2,41,8,8.0,12.0,11.0,21.0,6,3,2007,washington_redskins,0.0,0.0,0.5990453460620525,11.950413223140496,3.823529411764706,0.0,6.161764705882353,0.0
502,washington_redskins_2008,479,14,0,41,4,3.0,14.0,6.0,38.0,7,2,2008,washington_redskins,0.0,0.0,0.6235294117647059,9.41904761904762,5.0675675675675675,0.0,6.891891891891892,0.0
503,washington_redskins_2009,550,10,0,35,6,8.0,20.0,15.0,44.0,15,4,2009,washington_redskins,1.0,0.8571428571428571,0.6449704142011834,10.876777251184834,3.816425120772947,1.0,2.449275362318841,0.0
504,washington_redskins_2010,691,18,0,47,9,2.0,0.0,0.0,0.0,10,4,2010,washington_redskins,0.6857142857142857,1.0,0.0,14.330645161290322,4.237113402061856,1.0,0.0,0.0
505,washington_redskins_2011,771,27,0,52,11,3.0,3.0,4.0,16.0,12,5,2011,washington_redskins,0.7560975609756098,0.9615384615384616,0.6090225563909775,12.582887700534759,3.7337278106508878,6.0,0.7869822485207101,0.0
506,washington_redskins_2012,652,22,0,54,15,5.0,24.0,8.0,33.0,11,20,2012,washington_redskins,0.9444444444444444,0.9705882352941176,0.6598639455782312,13.352517985611511,5.3078512396694215,1.0,0.9111570247933884,0.0
507,washington_redskins_2013,684,21,0,42,9,13.0,20.0,19.0,43.0,15,10,2013,washington_redskins,0.8181818181818182,1.0,0.5810147299509002,11.956709956709958,4.822916666666667,2.0,1.5911458333333333,0.0
508,washington_redskins_2014,684,13,0,35,5,12.0,18.0,18.0,58.0,16,13,2014,washington_redskins,0.8888888888888888,0.96875,0.6654478976234004,12.37171052631579,4.057971014492754,1.0,1.5855072463768116,0.0
509,washington_redskins_2015,927,33,1,59,10,11.0,30.0,11.0,27.0,30,9,2015,washington_redskins,0.8666666666666667,0.975609756097561,0.6954954954954955,11.124352331606218,3.6503496503496504,1.0,1.2937062937062938,0.0
510,washington_redskins_2016,1026,24,0,73,13,9.0,25.0,12.0,23.0,25,17,2016,washington_redskins,0.8095238095238095,0.9230769230769231,0.6705107084019769,12.157248157248157,4.474934036939314,0.0,1.6015831134564644,0.0
